html_css,javascript,react,python,database,cloud,networking,security,devops,data_science,ai_ml,dsa,career
0.95,0.84,0.86,0.45,0.18,0.18,0.26,0.18,0.05,0.15,0.05,0.35,Frontend Developer
0.92,0.66,0.63,0.24,0.1,0.23,0.01,0.0,0.25,0.08,0.11,0.26,Frontend Developer
0.85,0.86,0.68,0.34,0.14,0.17,0.04,0.29,0.1,0.0,0.18,0.28,Frontend Developer
0.92,0.65,0.67,0.32,0.27,0.22,0.09,0.07,0.0,0.03,0.05,0.51,Frontend Developer
0.93,0.67,0.83,0.26,0.13,0.26,0.2,0.19,0.02,0.07,0.13,0.5,Frontend Developer
0.85,0.83,0.69,0.18,0.28,0.34,0.09,0.2,0.14,0.04,0.14,0.55,Frontend Developer
0.9,1.0,0.54,0.38,0.21,0.17,0.11,0.0,0.08,0.14,0.25,0.35,Frontend Developer
0.82,0.8,0.89,0.33,0.15,0.25,0.11,0.2,0.03,0.07,0.06,0.25,Frontend Developer
0.93,0.88,0.8,0.28,0.06,0.16,0.07,0.02,0.08,0.14,0.29,0.42,Frontend Developer
0.93,0.84,0.61,0.3,0.21,0.45,0.08,0.13,0.1,0.0,0.21,0.48,Frontend Developer
0.98,0.76,0.94,0.16,0.26,0.42,0.0,0.04,0.11,0.05,0.0,0.41,Frontend Developer
0.79,0.9,0.71,0.45,0.12,0.17,0.18,0.0,0.12,0.23,0.0,0.42,Frontend Developer
0.93,0.93,0.68,0.17,0.25,0.23,0.13,0.13,0.03,0.12,0.13,0.33,Frontend Developer
1.0,0.9,0.68,0.37,0.1,0.28,0.22,0.02,0.2,0.14,0.18,0.59,Frontend Developer
0.88,0.77,0.71,0.22,0.19,0.23,0.13,0.18,0.1,0.25,0.07,0.67,Frontend Developer
0.96,0.76,0.69,0.35,0.18,0.27,0.15,0.09,0.02,0.0,0.06,0.49,Frontend Developer
0.92,0.73,0.82,0.34,0.11,0.22,0.11,0.0,0.14,0.16,0.21,0.51,Frontend Developer
0.76,0.76,0.85,0.35,0.25,0.59,0.16,0.21,0.2,0.17,0.07,0.48,Frontend Developer
0.82,0.83,0.75,0.31,0.43,0.01,0.17,0.0,0.05,0.21,0.11,0.29,Frontend Developer
0.83,0.92,0.73,0.32,0.2,0.13,0.31,0.16,0.0,0.12,0.03,0.49,Frontend Developer
0.82,0.84,0.85,0.39,0.08,0.17,0.05,0.03,0.28,0.14,0.0,0.49,Frontend Developer
1.0,0.95,0.65,0.25,0.33,0.13,0.14,0.18,0.01,0.09,0.0,0.3,Frontend Developer
0.87,0.73,0.96,0.16,0.16,0.21,0.24,0.0,0.22,0.1,0.0,0.45,Frontend Developer
0.92,0.79,0.81,0.26,0.21,0.27,0.26,0.0,0.31,0.0,0.08,0.46,Frontend Developer
0.93,0.79,0.78,0.25,0.14,0.28,0.14,0.03,0.19,0.13,0.18,0.46,Frontend Developer
0.82,0.79,0.87,0.36,0.2,0.21,0.23,0.04,0.15,0.08,0.08,0.51,Frontend Developer
0.98,0.93,0.93,0.3,0.27,0.17,0.13,0.09,0.11,0.16,0.02,0.61,Frontend Developer
0.8,0.73,0.92,0.38,0.26,0.26,0.1,0.01,0.11,0.03,0.2,0.39,Frontend Developer
0.82,0.82,0.84,0.24,0.12,0.22,0.12,0.05,0.05,0.12,0.0,0.26,Frontend Developer
0.83,0.83,0.83,0.45,0.29,0.18,0.1,0.0,0.1,0.07,0.13,0.32,Frontend Developer
0.95,1.0,0.79,0.34,0.27,0.16,0.12,0.1,0.11,0.02,0.1,0.45,Frontend Developer
1.0,0.95,1.0,0.22,0.29,0.22,0.32,0.02,0.02,0.04,0.0,0.35,Frontend Developer
0.82,0.87,0.83,0.49,0.3,0.14,0.01,0.15,0.0,0.28,0.22,0.35,Frontend Developer
0.73,0.99,0.79,0.42,0.04,0.14,0.1,0.1,0.05,0.16,0.0,0.39,Frontend Developer
0.91,0.9,0.87,0.19,0.05,0.33,0.13,0.03,0.26,0.11,0.22,0.41,Frontend Developer
1.0,1.0,0.78,0.4,0.26,0.34,0.0,0.17,0.21,0.0,0.0,0.2,Frontend Developer
0.87,0.92,0.95,0.31,0.36,0.06,0.0,0.09,0.14,0.1,0.0,0.39,Frontend Developer
0.77,0.92,0.84,0.21,0.15,0.09,0.09,0.2,0.0,0.15,0.05,0.32,Frontend Developer
0.89,0.75,0.74,0.18,0.4,0.2,0.03,0.12,0.09,0.08,0.16,0.48,Frontend Developer
0.85,0.79,0.77,0.07,0.05,0.34,0.26,0.08,0.16,0.13,0.41,0.51,Frontend Developer
0.89,0.75,0.64,0.32,0.12,0.06,0.04,0.0,0.27,0.19,0.1,0.55,Frontend Developer
0.91,0.76,0.95,0.35,0.1,0.18,0.01,0.0,0.19,0.29,0.0,0.46,Frontend Developer
0.83,0.8,0.74,0.21,0.2,0.12,0.13,0.09,0.08,0.01,0.04,0.48,Frontend Developer
0.95,0.75,0.81,0.38,0.03,0.25,0.03,0.16,0.02,0.0,0.0,0.4,Frontend Developer
0.93,0.76,0.86,0.13,0.19,0.08,0.03,0.1,0.01,0.06,0.2,0.34,Frontend Developer
0.98,0.74,0.85,0.44,0.0,0.12,0.16,0.08,0.14,0.04,0.11,0.38,Frontend Developer
1.0,0.88,0.83,0.26,0.15,0.16,0.14,0.06,0.13,0.31,0.19,0.37,Frontend Developer
1.0,0.81,0.6,0.2,0.01,0.16,0.1,0.27,0.13,0.08,0.18,0.18,Frontend Developer
0.92,0.93,0.65,0.41,0.23,0.16,0.16,0.33,0.12,0.12,0.05,0.32,Frontend Developer
0.98,0.76,0.81,0.25,0.25,0.23,0.2,0.05,0.07,0.0,0.06,0.44,Frontend Developer
0.98,0.76,0.89,0.44,0.24,0.39,0.02,0.0,0.0,0.25,0.17,0.39,Frontend Developer
0.93,0.74,1.0,0.31,0.21,0.27,0.15,0.12,0.02,0.15,0.29,0.53,Frontend Developer
1.0,0.8,0.7,0.29,0.21,0.31,0.0,0.25,0.08,0.06,0.0,0.23,Frontend Developer
0.98,0.86,0.67,0.17,0.17,0.37,0.07,0.0,0.08,0.07,0.0,0.39,Frontend Developer
0.88,0.92,0.98,0.41,0.17,0.09,0.36,0.11,0.1,0.1,0.12,0.39,Frontend Developer
0.84,0.8,0.8,0.25,0.13,0.21,0.07,0.25,0.0,0.21,0.22,0.19,Frontend Developer
0.87,0.81,0.66,0.22,0.09,0.38,0.19,0.23,0.17,0.0,0.05,0.45,Frontend Developer
0.78,0.92,0.78,0.26,0.27,0.24,0.06,0.22,0.0,0.16,0.16,0.37,Frontend Developer
0.93,0.72,0.89,0.28,0.15,0.3,0.03,0.0,0.0,0.16,0.0,0.58,Frontend Developer
0.69,1.0,0.82,0.29,0.15,0.24,0.1,0.21,0.11,0.12,0.06,0.39,Frontend Developer
0.93,0.68,0.67,0.37,0.22,0.18,0.1,0.13,0.05,0.02,0.12,0.3,Frontend Developer
0.94,0.68,0.9,0.35,0.23,0.3,0.27,0.2,0.0,0.0,0.04,0.4,Frontend Developer
0.35,0.43,0.22,0.62,0.79,0.46,0.21,0.16,0.4,0.31,0.01,0.96,Backend Developer
0.35,0.52,0.11,0.77,0.79,0.61,0.56,0.29,0.61,0.13,0.1,0.88,Backend Developer
0.24,0.68,0.27,0.64,0.91,0.7,0.36,0.14,0.43,0.18,0.09,0.76,Backend Developer
0.32,0.37,0.24,0.76,0.91,0.71,0.38,0.35,0.49,0.03,0.14,0.72,Backend Developer
0.33,0.37,0.09,0.81,0.85,0.67,0.3,0.3,0.59,0.15,0.11,0.65,Backend Developer
0.26,0.47,0.22,0.65,0.98,0.51,0.28,0.26,0.64,0.22,0.2,0.55,Backend Developer
0.33,0.59,0.21,0.81,0.8,0.74,0.53,0.26,0.46,0.35,0.26,0.65,Backend Developer
0.26,0.47,0.07,0.61,0.75,0.52,0.3,0.32,0.66,0.1,0.2,0.68,Backend Developer
0.3,0.57,0.09,0.74,0.87,0.65,0.33,0.55,0.44,0.15,0.04,0.64,Backend Developer
0.24,0.62,0.34,0.64,0.77,0.65,0.24,0.36,0.52,0.05,0.25,0.88,Backend Developer
0.24,0.46,0.23,0.73,0.92,0.8,0.28,0.22,0.36,0.13,0.1,0.88,Backend Developer
0.25,0.52,0.2,0.82,1.0,0.55,0.25,0.4,0.57,0.38,0.16,0.66,Backend Developer
0.36,0.61,0.28,0.75,0.96,0.72,0.44,0.36,0.48,0.21,0.22,0.62,Backend Developer
0.34,0.46,0.2,0.83,0.87,0.6,0.16,0.37,0.56,0.42,0.07,0.72,Backend Developer
0.32,0.66,0.19,0.73,0.91,0.62,0.26,0.32,0.61,0.1,0.11,0.63,Backend Developer
0.42,0.35,0.14,0.74,1.0,0.59,0.24,0.49,0.36,0.0,0.14,0.65,Backend Developer
0.2,0.57,0.22,0.64,0.72,0.69,0.37,0.29,0.68,0.09,0.0,0.63,Backend Developer
0.3,0.52,0.18,0.74,0.72,0.74,0.29,0.41,0.53,0.25,0.16,0.74,Backend Developer
0.36,0.63,0.22,0.77,0.84,0.74,0.23,0.48,0.5,0.06,0.11,0.63,Backend Developer
0.38,0.43,0.16,0.51,0.8,0.36,0.14,0.38,0.58,0.24,0.0,0.7,Backend Developer
0.3,0.38,0.35,0.79,0.83,0.6,0.32,0.1,0.48,0.13,0.0,0.67,Backend Developer
0.48,0.56,0.14,0.76,0.99,0.69,0.31,0.24,0.57,0.24,0.19,0.76,Backend Developer
0.4,0.45,0.33,0.72,1.0,0.53,0.47,0.32,0.43,0.15,0.07,0.74,Backend Developer
0.35,0.44,0.2,0.91,1.0,0.64,0.3,0.31,0.56,0.1,0.07,0.53,Backend Developer
0.34,0.56,0.15,0.86,0.73,0.45,0.32,0.4,0.67,0.15,0.21,0.7,Backend Developer
0.28,0.59,0.27,0.54,1.0,0.74,0.24,0.34,0.55,0.23,0.04,0.63,Backend Developer
0.3,0.62,0.25,0.66,0.93,0.32,0.41,0.13,0.46,0.09,0.0,0.82,Backend Developer
0.25,0.53,0.2,0.75,0.86,0.47,0.4,0.25,0.34,0.16,0.25,0.79,Backend Developer
0.27,0.47,0.17,0.91,0.89,0.64,0.4,0.32,0.47,0.18,0.09,0.7,Backend Developer
0.37,0.51,0.27,0.69,0.86,0.4,0.39,0.33,0.6,0.0,0.31,0.69,Backend Developer
0.41,0.4,0.26,0.59,0.79,0.79,0.28,0.32,0.59,0.25,0.12,0.74,Backend Developer
0.54,0.49,0.22,0.81,0.96,0.72,0.36,0.19,0.66,0.09,0.13,0.62,Backend Developer
0.29,0.53,0.23,0.74,1.0,0.65,0.28,0.4,0.62,0.08,0.16,0.77,Backend Developer
0.27,0.64,0.18,0.71,0.83,0.6,0.19,0.16,0.66,0.12,0.0,0.48,Backend Developer
0.24,0.37,0.36,0.8,0.78,0.83,0.4,0.27,0.25,0.43,0.0,0.54,Backend Developer
0.4,0.74,0.34,0.76,0.91,0.69,0.38,0.33,0.51,0.19,0.02,0.67,Backend Developer
0.13,0.49,0.1,0.59,0.87,0.74,0.39,0.14,0.4,0.29,0.0,0.68,Backend Developer
0.36,0.4,0.21,0.57,0.79,0.63,0.14,0.34,0.5,0.26,0.12,0.84,Backend Developer
0.31,0.46,0.21,0.75,0.85,0.6,0.23,0.23,0.36,0.37,0.0,0.63,Backend Developer
0.23,0.59,0.17,0.82,0.78,0.63,0.22,0.51,0.38,0.23,0.16,0.74,Backend Developer
0.28,0.49,0.2,0.69,0.95,0.82,0.24,0.16,0.49,0.46,0.02,0.86,Backend Developer
0.47,0.44,0.26,0.86,0.81,0.58,0.24,0.2,0.44,0.08,0.1,0.62,Backend Developer
0.32,0.34,0.23,0.78,0.65,0.64,0.42,0.18,0.67,0.24,0.03,0.69,Backend Developer
0.36,0.51,0.25,0.61,0.87,0.46,0.29,0.21,0.43,0.32,0.21,0.76,Backend Developer
0.19,0.47,0.32,0.71,1.0,0.64,0.32,0.27,0.51,0.18,0.17,0.8,Backend Developer
0.22,0.37,0.02,0.75,0.74,0.38,0.34,0.55,0.5,0.28,0.11,0.69,Backend Developer
0.39,0.47,0.23,0.73,0.78,0.7,0.28,0.22,0.55,0.11,0.1,0.7,Backend Developer
0.41,0.55,0.2,0.78,0.99,0.66,0.3,0.17,0.39,0.17,0.04,0.68,Backend Developer
0.31,0.55,0.19,0.75,0.86,0.4,0.21,0.29,0.38,0.26,0.25,0.82,Backend Developer
0.28,0.65,0.21,0.67,0.79,0.57,0.26,0.32,0.52,0.2,0.14,0.82,Backend Developer
0.39,0.35,0.0,0.79,0.71,0.58,0.18,0.12,0.55,0.28,0.04,0.44,Backend Developer
0.25,0.54,0.05,0.72,0.85,0.66,0.31,0.2,0.62,0.18,0.1,0.61,Backend Developer
0.26,0.41,0.18,0.87,0.71,0.44,0.45,0.28,0.43,0.3,0.04,0.88,Backend Developer
0.37,0.45,0.42,0.64,0.92,0.63,0.43,0.46,0.5,0.12,0.15,0.63,Backend Developer
0.5,0.51,0.16,0.72,0.72,0.5,0.42,0.23,0.4,0.25,0.22,0.77,Backend Developer
0.4,0.42,0.06,0.85,0.82,0.57,0.43,0.36,0.55,0.42,0.04,0.79,Backend Developer
0.31,0.53,0.35,0.75,0.9,0.71,0.26,0.22,0.4,0.0,0.31,0.59,Backend Developer
0.28,0.47,0.23,0.78,0.94,0.54,0.28,0.33,0.48,0.36,0.15,0.77,Backend Developer
0.37,0.62,0.22,0.57,0.89,0.53,0.25,0.36,0.62,0.2,0.13,0.87,Backend Developer
0.32,0.76,0.26,0.52,0.93,0.64,0.43,0.37,0.49,0.08,0.08,0.61,Backend Developer
0.24,0.56,0.37,0.74,0.73,0.64,0.42,0.24,0.49,0.2,0.02,0.76,Backend Developer
0.29,0.54,0.11,0.66,0.92,0.56,0.47,0.26,0.52,0.29,0.0,0.52,Backend Developer
0.65,0.93,0.64,0.86,0.64,0.52,0.45,0.5,0.61,0.32,0.2,0.66,Full Stack Developer
0.88,0.74,0.62,0.6,0.68,0.45,0.37,0.4,0.41,0.35,0.0,0.58,Full Stack Developer
0.73,0.61,0.69,0.59,0.85,0.56,0.2,0.49,0.52,0.26,0.08,0.5,Full Stack Developer
0.76,0.91,0.89,0.75,0.65,0.39,0.31,0.12,0.43,0.19,0.05,0.44,Full Stack Developer
0.85,0.75,0.58,0.31,0.7,0.68,0.47,0.25,0.34,0.25,0.0,0.63,Full Stack Developer
0.88,0.92,0.69,0.58,0.61,0.42,0.28,0.34,0.49,0.12,0.25,0.57,Full Stack Developer
0.8,0.73,0.46,0.69,0.77,0.47,0.31,0.35,0.24,0.15,0.18,0.47,Full Stack Developer
0.83,0.66,0.75,0.6,0.54,0.62,0.23,0.22,0.42,0.31,0.0,0.61,Full Stack Developer
0.84,0.87,0.72,0.56,0.62,0.51,0.19,0.01,0.44,0.29,0.0,0.5,Full Stack Developer
0.86,1.0,0.7,0.53,0.68,0.64,0.24,0.22,0.35,0.1,0.11,0.76,Full Stack Developer
0.83,0.77,0.67,0.44,0.79,0.49,0.28,0.62,0.43,0.12,0.06,0.71,Full Stack Developer
0.81,0.66,0.79,0.53,0.89,0.61,0.26,0.43,0.41,0.29,0.15,0.52,Full Stack Developer
0.74,0.9,0.67,0.56,0.6,0.54,0.51,0.19,0.4,0.34,0.09,0.65,Full Stack Developer
0.69,0.84,0.68,0.7,0.82,0.76,0.36,0.33,0.42,0.16,0.13,0.57,Full Stack Developer
0.82,0.93,0.6,0.71,0.83,0.49,0.09,0.24,0.53,0.2,0.0,0.55,Full Stack Developer
0.88,0.85,0.68,0.56,0.66,0.41,0.46,0.27,0.52,0.35,0.2,0.56,Full Stack Developer
0.84,0.8,0.61,0.63,0.58,0.62,0.25,0.32,0.43,0.17,0.16,0.55,Full Stack Developer
0.89,0.67,0.71,0.79,0.6,0.43,0.35,0.32,0.44,0.25,0.16,0.71,Full Stack Developer
0.84,0.78,0.77,0.79,0.69,0.4,0.41,0.29,0.18,0.28,0.05,0.59,Full Stack Developer
0.83,0.82,0.77,0.56,0.75,0.47,0.37,0.36,0.31,0.31,0.05,0.68,Full Stack Developer
0.84,0.98,0.68,0.57,0.7,0.47,0.38,0.14,0.29,0.09,0.2,0.77,Full Stack Developer
0.79,0.78,0.71,0.72,0.61,0.52,0.4,0.35,0.42,0.3,0.0,0.67,Full Stack Developer
0.73,0.62,0.75,0.74,0.69,0.6,0.46,0.43,0.56,0.27,0.11,0.44,Full Stack Developer
0.78,0.72,0.92,0.58,0.71,0.56,0.3,0.47,0.34,0.22,0.03,0.47,Full Stack Developer
0.74,0.8,0.66,0.53,0.56,0.49,0.15,0.38,0.41,0.05,0.07,0.52,Full Stack Developer
0.83,0.93,0.51,0.61,0.68,0.57,0.32,0.22,0.37,0.12,0.21,0.6,Full Stack Developer
0.99,0.79,0.63,0.45,0.52,0.34,0.33,0.35,0.24,0.29,0.05,0.61,Full Stack Developer
0.96,0.89,0.67,0.51,0.48,0.43,0.28,0.2,0.39,0.21,0.08,0.53,Full Stack Developer
0.82,0.84,0.59,0.74,0.69,0.5,0.37,0.32,0.5,0.23,0.04,0.64,Full Stack Developer
0.69,0.81,0.7,0.58,0.69,0.31,0.25,0.31,0.42,0.1,0.23,0.51,Full Stack Developer
0.9,0.84,0.64,0.78,0.58,0.59,0.4,0.23,0.54,0.17,0.13,0.63,Full Stack Developer
0.79,0.88,0.78,0.43,0.83,0.33,0.4,0.41,0.29,0.16,0.0,0.58,Full Stack Developer
0.77,0.88,0.83,0.74,0.64,0.48,0.13,0.22,0.5,0.36,0.0,0.54,Full Stack Developer
0.8,0.83,0.62,0.64,0.65,0.5,0.35,0.3,0.36,0.19,0.09,0.56,Full Stack Developer
0.77,0.96,0.76,0.57,0.77,0.47,0.42,0.34,0.39,0.24,0.0,0.49,Full Stack Developer
0.68,0.81,0.87,0.82,0.76,0.55,0.12,0.25,0.32,0.14,0.08,0.55,Full Stack Developer
0.6,0.87,0.59,0.62,0.91,0.41,0.05,0.27,0.51,0.4,0.0,0.65,Full Stack Developer
0.75,0.79,0.96,0.45,0.73,0.55,0.41,0.31,0.43,0.16,0.13,0.57,Full Stack Developer
0.86,0.76,0.74,0.6,0.81,0.49,0.12,0.43,0.31,0.13,0.04,0.74,Full Stack Developer
0.59,1.0,0.81,0.62,0.69,0.53,0.35,0.36,0.46,0.21,0.08,0.58,Full Stack Developer
0.78,0.91,0.76,0.31,0.77,0.52,0.3,0.26,0.51,0.29,0.02,0.64,Full Stack Developer
0.7,0.66,0.64,0.69,0.8,0.55,0.37,0.35,0.34,0.24,0.18,0.68,Full Stack Developer
0.92,0.87,0.74,0.71,0.7,0.41,0.28,0.23,0.33,0.19,0.02,0.57,Full Stack Developer
0.61,0.82,0.7,0.52,0.77,0.59,0.14,0.22,0.32,0.11,0.18,0.58,Full Stack Developer
0.77,0.6,0.76,0.48,0.71,0.53,0.44,0.17,0.1,0.22,0.28,0.72,Full Stack Developer
0.82,0.75,0.78,0.5,0.75,0.55,0.41,0.58,0.44,0.15,0.1,0.42,Full Stack Developer
0.73,0.76,0.65,0.62,0.62,0.61,0.3,0.3,0.37,0.22,0.18,0.51,Full Stack Developer
0.73,0.77,0.57,0.52,0.65,0.59,0.33,0.32,0.49,0.19,0.14,0.59,Full Stack Developer
0.83,0.74,0.46,0.59,0.84,0.59,0.4,0.42,0.41,0.22,0.04,0.57,Full Stack Developer
0.86,0.92,0.69,0.55,0.7,0.56,0.16,0.07,0.34,0.08,0.05,0.59,Full Stack Developer
0.75,0.95,0.73,0.63,0.76,0.39,0.4,0.29,0.47,0.09,0.0,0.68,Full Stack Developer
0.84,0.71,0.61,0.71,0.58,0.66,0.21,0.36,0.37,0.26,0.05,0.58,Full Stack Developer
0.8,0.7,0.77,0.55,0.68,0.4,0.04,0.28,0.64,0.28,0.1,0.57,Full Stack Developer
0.8,0.85,0.58,0.71,0.77,0.57,0.34,0.3,0.47,0.26,0.06,0.54,Full Stack Developer
0.81,0.95,0.58,0.45,0.72,0.51,0.32,0.32,0.38,0.35,0.0,0.52,Full Stack Developer
0.79,0.64,0.68,0.77,0.7,0.52,0.17,0.24,0.36,0.17,0.23,0.66,Full Stack Developer
0.69,0.82,0.75,0.71,0.86,0.4,0.22,0.17,0.38,0.25,0.2,0.59,Full Stack Developer
0.77,0.82,0.62,0.81,0.54,0.52,0.5,0.3,0.38,0.16,0.08,0.74,Full Stack Developer
0.58,0.95,0.56,0.57,0.66,0.56,0.14,0.35,0.6,0.06,0.12,0.53,Full Stack Developer
0.84,0.8,0.64,0.65,0.88,0.48,0.37,0.17,0.3,0.25,0.25,0.64,Full Stack Developer
0.77,0.8,0.57,0.66,0.79,0.45,0.25,0.33,0.36,0.19,0.31,0.58,Full Stack Developer
0.76,0.74,0.77,0.58,0.64,0.63,0.44,0.24,0.21,0.3,0.03,0.68,Full Stack Developer
0.0,0.39,0.0,0.97,0.4,0.4,0.16,0.27,0.31,0.86,1.0,0.54,AI Engineer
0.36,0.31,0.01,0.77,0.38,0.59,0.19,0.35,0.15,0.8,0.77,0.74,AI Engineer
0.29,0.26,0.0,0.92,0.44,0.54,0.32,0.09,0.37,0.92,0.72,0.73,AI Engineer
0.15,0.29,0.13,0.85,0.33,0.5,0.09,0.09,0.37,0.69,0.97,0.75,AI Engineer
0.03,0.23,0.22,0.8,0.35,0.55,0.28,0.17,0.24,0.94,1.0,0.8,AI Engineer
0.21,0.22,0.02,0.95,0.44,0.64,0.27,0.05,0.41,0.7,0.86,0.73,AI Engineer
0.4,0.61,0.16,0.88,0.45,0.59,0.17,0.38,0.32,0.85,0.97,0.74,AI Engineer
0.28,0.24,0.04,0.79,0.44,0.58,0.25,0.37,0.3,0.87,0.79,0.66,AI Engineer
0.27,0.38,0.07,0.89,0.25,0.46,0.29,0.26,0.35,0.8,0.9,0.63,AI Engineer
0.27,0.34,0.15,0.85,0.18,0.61,0.15,0.11,0.37,0.76,1.0,0.76,AI Engineer
0.27,0.16,0.22,0.93,0.36,0.51,0.02,0.24,0.2,0.66,0.75,0.81,AI Engineer
0.14,0.45,0.05,0.73,0.29,0.62,0.18,0.15,0.32,0.85,1.0,0.84,AI Engineer
0.16,0.17,0.06,0.93,0.3,0.4,0.23,0.2,0.3,0.72,0.88,0.61,AI Engineer
0.29,0.4,0.0,0.81,0.25,0.43,0.19,0.06,0.21,0.7,0.92,0.71,AI Engineer
0.13,0.32,0.05,0.87,0.57,0.63,0.07,0.28,0.38,0.69,0.98,0.85,AI Engineer
0.09,0.21,0.2,0.93,0.46,0.53,0.24,0.07,0.4,0.92,0.88,0.7,AI Engineer
0.05,0.35,0.16,0.89,0.51,0.47,0.26,0.1,0.3,0.78,0.92,0.66,AI Engineer
0.19,0.38,0.06,0.74,0.57,0.64,0.07,0.27,0.25,0.83,0.93,0.68,AI Engineer
0.12,0.23,0.01,0.82,0.39,0.43,0.27,0.35,0.24,0.82,0.95,0.75,AI Engineer
0.21,0.37,0.15,0.78,0.49,0.59,0.12,0.2,0.37,0.78,1.0,0.94,AI Engineer
0.12,0.16,0.13,0.97,0.38,0.65,0.07,0.27,0.24,0.97,1.0,0.62,AI Engineer
0.15,0.39,0.06,0.9,0.4,0.31,0.2,0.13,0.25,0.94,0.77,0.78,AI Engineer
0.17,0.27,0.18,0.93,0.46,0.6,0.17,0.14,0.19,0.72,1.0,0.82,AI Engineer
0.06,0.17,0.15,0.95,0.45,0.47,0.19,0.23,0.31,0.58,0.88,0.61,AI Engineer
0.22,0.6,0.14,0.87,0.49,0.55,0.24,0.26,0.51,0.69,0.95,0.61,AI Engineer
0.26,0.21,0.06,0.87,0.5,0.59,0.08,0.21,0.23,0.67,0.88,0.67,AI Engineer
0.44,0.34,0.0,0.84,0.5,0.71,0.04,0.01,0.49,0.84,0.81,0.75,AI Engineer
0.0,0.3,0.13,0.99,0.3,0.51,0.11,0.23,0.21,0.76,0.8,0.77,AI Engineer
0.29,0.28,0.1,0.76,0.37,0.49,0.46,0.09,0.45,0.9,0.93,0.88,AI Engineer
0.24,0.34,0.09,1.0,0.51,0.44,0.07,0.18,0.22,0.79,1.0,0.65,AI Engineer
0.2,0.31,0.18,0.68,0.34,0.52,0.32,0.15,0.11,0.86,0.84,0.58,AI Engineer
0.14,0.28,0.04,0.68,0.49,0.63,0.27,0.09,0.28,0.8,0.96,0.77,AI Engineer
0.13,0.31,0.15,1.0,0.47,0.58,0.21,0.34,0.34,0.71,1.0,0.77,AI Engineer
0.16,0.25,0.13,0.95,0.42,0.53,0.37,0.31,0.32,0.89,0.8,0.74,AI Engineer
0.38,0.28,0.02,0.83,0.29,0.42,0.16,0.06,0.3,0.89,0.81,0.85,AI Engineer
0.25,0.4,0.03,0.99,0.29,0.59,0.22,0.26,0.18,0.71,0.96,0.61,AI Engineer
0.25,0.16,0.18,0.78,0.46,0.56,0.13,0.26,0.33,0.75,0.8,0.5,AI Engineer
0.23,0.14,0.11,0.87,0.47,0.47,0.17,0.27,0.33,0.83,0.95,0.55,AI Engineer
0.28,0.36,0.0,0.88,0.4,0.49,0.23,0.34,0.41,0.67,0.96,0.83,AI Engineer
0.24,0.41,0.3,1.0,0.42,0.6,0.21,0.2,0.26,0.96,0.82,0.85,AI Engineer
0.25,0.16,0.14,0.69,0.46,0.59,0.14,0.21,0.5,0.75,0.79,0.85,AI Engineer
0.4,0.3,0.2,1.0,0.33,0.45,0.32,0.37,0.36,0.71,1.0,0.65,AI Engineer
0.17,0.33,0.26,0.99,0.44,0.55,0.2,0.26,0.05,0.77,0.92,0.58,AI Engineer
0.24,0.28,0.28,1.0,0.35,0.48,0.19,0.15,0.32,0.72,0.79,0.76,AI Engineer
0.26,0.22,0.19,0.84,0.43,0.58,0.2,0.25,0.25,0.78,0.88,0.63,AI Engineer
0.18,0.15,0.05,0.87,0.37,0.48,0.19,0.25,0.39,0.74,0.78,0.6,AI Engineer
0.15,0.26,0.02,0.77,0.35,0.52,0.26,0.14,0.26,0.71,0.9,0.62,AI Engineer
0.26,0.12,0.06,0.93,0.42,0.77,0.23,0.1,0.29,0.62,0.89,0.62,AI Engineer
0.29,0.25,0.09,0.84,0.57,0.47,0.38,0.28,0.35,0.84,0.94,0.51,AI Engineer
0.17,0.38,0.1,0.76,0.39,0.67,0.32,0.19,0.4,0.76,0.73,0.61,AI Engineer
0.36,0.27,0.08,0.87,0.59,0.66,0.42,0.18,0.33,0.65,1.0,0.58,AI Engineer
0.22,0.19,0.04,0.82,0.34,0.45,0.15,0.28,0.19,0.82,1.0,0.65,AI Engineer
0.13,0.28,0.22,0.92,0.35,0.55,0.09,0.27,0.34,0.77,0.82,0.61,AI Engineer
0.25,0.42,0.04,0.95,0.19,0.44,0.2,0.11,0.21,0.73,0.93,0.68,AI Engineer
0.0,0.09,0.04,0.95,0.13,0.45,0.15,0.34,0.26,0.84,0.91,0.49,AI Engineer
0.28,0.32,0.15,1.0,0.19,0.67,0.17,0.23,0.3,0.76,0.84,0.73,AI Engineer
0.05,0.38,0.06,0.79,0.35,0.63,0.15,0.24,0.23,0.88,0.97,0.88,AI Engineer
0.18,0.37,0.11,1.0,0.33,0.57,0.18,0.19,0.31,0.83,0.89,0.72,AI Engineer
0.36,0.4,0.19,0.85,0.31,0.6,0.29,0.35,0.24,0.78,0.74,0.66,AI Engineer
0.3,0.25,0.16,0.88,0.43,0.39,0.21,0.0,0.28,0.64,1.0,0.78,AI Engineer
0.25,0.45,0.01,1.0,0.49,0.48,0.31,0.09,0.22,0.74,0.85,0.59,AI Engineer
0.32,0.27,0.14,0.84,0.22,0.53,0.01,0.19,0.16,1.0,0.99,0.71,AI Engineer
0.43,0.22,0.15,0.72,0.73,0.43,0.17,0.13,0.0,0.75,0.39,0.51,Data Analyst
0.19,0.54,0.25,0.76,0.71,0.28,0.0,0.11,0.13,0.73,0.43,0.48,Data Analyst
0.11,0.21,0.06,0.89,0.76,0.17,0.15,0.0,0.21,0.8,0.39,0.63,Data Analyst
0.17,0.16,0.04,0.8,0.55,0.02,0.05,0.16,0.22,0.8,0.36,0.62,Data Analyst
0.11,0.26,0.12,0.74,0.65,0.3,0.0,0.03,0.15,0.75,0.41,0.54,Data Analyst
0.27,0.32,0.0,0.68,0.76,0.32,0.04,0.12,0.17,0.65,0.52,0.47,Data Analyst
0.34,0.42,0.0,0.63,0.67,0.22,0.27,0.01,0.04,0.87,0.28,0.46,Data Analyst
0.33,0.27,0.09,0.65,0.55,0.33,0.28,0.1,0.12,0.92,0.27,0.67,Data Analyst
0.32,0.46,0.03,0.88,0.78,0.36,0.12,0.08,0.22,0.86,0.2,0.39,Data Analyst
0.28,0.33,0.09,0.82,0.5,0.31,0.0,0.18,0.09,0.89,0.31,0.63,Data Analyst
0.4,0.36,0.09,0.76,0.63,0.39,0.26,0.21,0.03,0.89,0.27,0.56,Data Analyst
0.35,0.11,0.0,0.67,0.67,0.18,0.14,0.13,0.08,0.77,0.5,0.67,Data Analyst
0.25,0.24,0.15,0.66,0.69,0.37,0.0,0.23,0.11,0.81,0.39,0.5,Data Analyst
0.13,0.45,0.1,0.74,0.8,0.2,0.15,0.07,0.18,0.64,0.39,0.44,Data Analyst
0.34,0.35,0.03,0.63,0.69,0.21,0.18,0.06,0.0,0.81,0.3,0.34,Data Analyst
0.18,0.31,0.23,0.73,0.64,0.35,0.05,0.03,0.0,0.67,0.36,0.52,Data Analyst
0.29,0.26,0.01,0.76,0.57,0.38,0.0,0.02,0.0,0.8,0.5,0.55,Data Analyst
0.4,0.35,0.0,0.67,0.62,0.43,0.0,0.19,0.19,1.0,0.36,0.57,Data Analyst
0.53,0.24,0.0,0.51,0.77,0.11,0.06,0.14,0.12,0.89,0.42,0.63,Data Analyst
0.2,0.23,0.02,0.78,0.79,0.35,0.22,0.0,0.27,1.0,0.47,0.68,Data Analyst
0.13,0.25,0.03,0.77,0.59,0.38,0.24,0.17,0.13,0.75,0.32,0.62,Data Analyst
0.38,0.3,0.06,0.5,0.59,0.49,0.0,0.12,0.2,0.72,0.42,0.59,Data Analyst
0.3,0.59,0.0,0.81,0.68,0.38,0.14,0.03,0.12,0.66,0.46,0.53,Data Analyst
0.36,0.41,0.14,0.71,0.61,0.23,0.22,0.24,0.08,0.85,0.31,0.62,Data Analyst
0.37,0.49,0.01,0.66,0.72,0.36,0.08,0.01,0.19,0.92,0.31,0.64,Data Analyst
0.42,0.31,0.11,0.76,0.61,0.3,0.0,0.19,0.0,1.0,0.37,0.48,Data Analyst
0.24,0.27,0.24,0.45,0.83,0.33,0.0,0.0,0.27,0.76,0.28,0.61,Data Analyst
0.33,0.21,0.12,0.6,0.81,0.41,0.15,0.14,0.28,0.85,0.28,0.54,Data Analyst
0.51,0.2,0.06,0.74,0.69,0.2,0.21,0.33,0.12,0.76,0.25,0.53,Data Analyst
0.41,0.35,0.1,0.64,0.59,0.38,0.19,0.0,0.26,0.91,0.54,0.37,Data Analyst
0.16,0.29,0.15,0.88,0.77,0.28,0.0,0.22,0.0,1.0,0.37,0.66,Data Analyst
0.37,0.29,0.05,0.67,0.74,0.31,0.04,0.08,0.11,0.64,0.45,0.4,Data Analyst
0.18,0.13,0.0,0.56,0.63,0.5,0.05,0.12,0.14,0.86,0.39,0.38,Data Analyst
0.45,0.48,0.0,0.6,0.67,0.2,0.15,0.03,0.32,0.97,0.42,0.6,Data Analyst
0.41,0.24,0.02,0.71,0.79,0.31,0.0,0.02,0.09,0.84,0.6,0.36,Data Analyst
0.35,0.45,0.33,0.66,0.75,0.36,0.12,0.09,0.14,0.6,0.47,0.51,Data Analyst
0.28,0.5,0.03,0.66,0.9,0.22,0.04,0.09,0.18,0.87,0.27,0.45,Data Analyst
0.24,0.29,0.14,0.74,0.52,0.41,0.13,0.24,0.14,0.96,0.45,0.63,Data Analyst
0.35,0.29,0.33,0.79,0.76,0.17,0.0,0.13,0.11,0.79,0.41,0.66,Data Analyst
0.37,0.19,0.09,0.62,0.66,0.26,0.05,0.0,0.09,0.79,0.11,0.71,Data Analyst
0.41,0.26,0.1,0.58,0.87,0.49,0.12,0.2,0.12,0.72,0.36,0.51,Data Analyst
0.25,0.28,0.09,0.69,0.71,0.19,0.03,0.0,0.2,0.64,0.52,0.64,Data Analyst
0.27,0.04,0.06,0.69,0.6,0.25,0.25,0.17,0.01,0.69,0.37,0.48,Data Analyst
0.35,0.25,0.15,0.89,0.78,0.3,0.08,0.06,0.22,0.79,0.4,0.51,Data Analyst
0.25,0.16,0.13,0.69,0.75,0.25,0.22,0.01,0.27,0.68,0.44,0.55,Data Analyst
0.22,0.34,0.23,0.48,0.75,0.05,0.0,0.26,0.04,0.73,0.38,0.71,Data Analyst
0.12,0.19,0.25,0.89,0.69,0.18,0.31,0.26,0.17,0.77,0.4,0.48,Data Analyst
0.33,0.45,0.19,0.59,0.84,0.33,0.17,0.25,0.0,0.85,0.35,0.34,Data Analyst
0.33,0.55,0.0,0.7,0.76,0.31,0.09,0.0,0.12,0.77,0.18,0.62,Data Analyst
0.4,0.31,0.12,0.81,0.72,0.39,0.07,0.23,0.13,0.87,0.27,0.53,Data Analyst
0.22,0.24,0.02,0.59,0.91,0.43,0.29,0.0,0.11,0.72,0.33,0.41,Data Analyst
0.42,0.26,0.21,0.76,0.93,0.15,0.23,0.21,0.0,0.95,0.43,0.48,Data Analyst
0.22,0.23,0.3,0.7,0.78,0.22,0.02,0.21,0.0,0.81,0.4,0.51,Data Analyst
0.28,0.34,0.17,0.77,0.6,0.27,0.22,0.19,0.0,0.89,0.2,0.5,Data Analyst
0.49,0.21,0.02,0.78,0.55,0.24,0.16,0.04,0.08,0.92,0.44,0.53,Data Analyst
0.27,0.34,0.09,0.75,0.65,0.28,0.0,0.1,0.02,0.74,0.43,0.52,Data Analyst
0.38,0.26,0.14,0.76,0.74,0.22,0.11,0.14,0.1,0.64,0.42,0.72,Data Analyst
0.26,0.23,0.14,0.73,0.82,0.17,0.17,0.16,0.09,0.88,0.5,0.59,Data Analyst
0.19,0.38,0.09,0.71,0.71,0.28,0.22,0.09,0.0,0.81,0.42,0.62,Data Analyst
0.36,0.21,0.35,0.73,0.83,0.28,0.15,0.18,0.22,0.96,0.49,0.47,Data Analyst
0.24,0.33,0.19,0.68,0.81,0.45,0.01,0.02,0.09,0.88,0.35,0.64,Data Analyst
0.34,0.3,0.0,0.57,0.73,0.09,0.2,0.08,0.42,1.0,0.38,0.49,Data Analyst
0.2,0.47,0.0,0.42,0.44,0.96,0.75,0.71,0.78,0.0,0.19,0.32,DevOps
0.0,0.31,0.18,0.59,0.45,0.88,0.66,0.47,0.83,0.25,0.13,0.42,DevOps
0.0,0.28,0.0,0.62,0.64,0.75,0.64,0.63,1.0,0.16,0.03,0.2,DevOps
0.11,0.5,0.13,0.6,0.53,0.9,0.62,0.68,0.92,0.2,0.0,0.53,DevOps
0.17,0.24,0.2,0.55,0.42,0.82,0.52,0.65,0.72,0.08,0.0,0.39,DevOps
0.08,0.27,0.0,0.48,0.55,0.84,0.73,0.51,0.92,0.33,0.16,0.36,DevOps
0.13,0.28,0.1,0.57,0.48,0.92,0.6,0.5,0.76,0.04,0.0,0.42,DevOps
0.01,0.35,0.1,0.4,0.57,0.98,0.6,0.64,0.81,0.21,0.0,0.22,DevOps
0.06,0.29,0.06,0.48,0.46,0.93,0.7,0.62,0.83,0.32,0.0,0.45,DevOps
0.22,0.35,0.08,0.55,0.6,0.76,0.6,0.56,1.0,0.24,0.0,0.37,DevOps
0.04,0.23,0.2,0.46,0.66,0.98,0.81,0.55,0.89,0.06,0.05,0.45,DevOps
0.23,0.19,0.06,0.58,0.36,0.96,0.63,0.58,0.85,0.12,0.1,0.38,DevOps
0.06,0.23,0.13,0.77,0.51,1.0,0.56,0.62,0.79,0.05,0.03,0.52,DevOps
0.2,0.32,0.0,0.58,0.53,0.92,0.52,0.51,0.89,0.25,0.0,0.38,DevOps
0.11,0.38,0.17,0.66,0.42,0.71,0.66,0.7,1.0,0.27,0.14,0.44,DevOps
0.04,0.29,0.27,0.51,0.66,0.87,0.83,0.46,0.96,0.13,0.0,0.42,DevOps
0.2,0.22,0.0,0.59,0.49,0.95,0.79,0.59,1.0,0.22,0.07,0.24,DevOps
0.07,0.27,0.2,0.65,0.38,0.92,0.77,0.75,0.99,0.28,0.11,0.44,DevOps
0.22,0.17,0.07,0.52,0.54,1.0,0.64,0.36,0.86,0.29,0.15,0.44,DevOps
0.07,0.17,0.15,0.52,0.72,0.96,0.64,0.54,0.89,0.18,0.21,0.42,DevOps
0.03,0.49,0.1,0.68,0.44,0.94,0.73,0.41,1.0,0.33,0.06,0.29,DevOps
0.13,0.31,0.14,0.62,0.55,1.0,0.76,0.5,1.0,0.36,0.42,0.29,DevOps
0.12,0.09,0.16,0.55,0.69,0.82,0.53,0.55,0.7,0.28,0.0,0.4,DevOps
0.0,0.27,0.26,0.64,0.41,0.9,0.7,0.65,0.76,0.26,0.0,0.34,DevOps
0.05,0.36,0.1,0.46,0.4,0.92,0.69,0.54,0.85,0.27,0.05,0.39,DevOps
0.32,0.16,0.0,0.68,0.43,0.87,0.62,0.57,1.0,0.28,0.19,0.26,DevOps
0.0,0.02,0.02,0.7,0.55,0.88,0.7,0.53,0.92,0.28,0.0,0.43,DevOps
0.19,0.26,0.17,0.88,0.49,0.94,0.63,0.62,0.95,0.22,0.0,0.42,DevOps
0.25,0.34,0.2,0.58,0.57,0.93,0.6,0.63,0.8,0.14,0.12,0.43,DevOps
0.0,0.41,0.16,0.53,0.35,0.89,0.66,0.61,0.86,0.0,0.06,0.37,DevOps
0.16,0.23,0.27,0.41,0.63,0.88,0.79,0.61,1.0,0.16,0.0,0.54,DevOps
0.09,0.32,0.22,0.5,0.56,0.84,0.69,0.61,0.75,0.12,0.24,0.49,DevOps
0.09,0.32,0.07,0.74,0.48,0.92,0.81,0.52,1.0,0.05,0.26,0.36,DevOps
0.08,0.11,0.05,0.5,0.44,0.89,0.8,0.62,0.93,0.09,0.01,0.58,DevOps
0.03,0.47,0.08,0.6,0.61,1.0,0.69,0.56,0.89,0.23,0.19,0.4,DevOps
0.16,0.46,0.14,0.63,0.35,0.64,0.74,0.59,0.85,0.22,0.09,0.51,DevOps
0.11,0.23,0.2,0.58,0.55,0.85,0.64,0.61,0.9,0.25,0.07,0.22,DevOps
0.06,0.38,0.07,0.58,0.6,0.83,0.55,0.58,0.85,0.1,0.08,0.45,DevOps
0.1,0.33,0.28,0.57,0.53,0.85,0.62,0.54,0.85,0.24,0.33,0.33,DevOps
0.06,0.29,0.14,0.63,0.63,0.66,0.46,0.55,1.0,0.04,0.0,0.46,DevOps
0.12,0.19,0.0,0.5,0.51,0.84,0.75,0.31,0.81,0.09,0.07,0.35,DevOps
0.18,0.11,0.1,0.66,0.69,0.85,0.73,0.42,0.66,0.28,0.1,0.52,DevOps
0.0,0.35,0.29,0.64,0.53,0.9,0.54,0.74,0.84,0.25,0.0,0.28,DevOps
0.24,0.27,0.25,0.59,0.32,0.99,0.64,0.67,0.9,0.05,0.12,0.62,DevOps
0.15,0.29,0.21,0.62,0.52,0.79,0.72,0.7,0.82,0.34,0.09,0.31,DevOps
0.2,0.27,0.18,0.57,0.49,0.95,0.73,0.4,0.79,0.29,0.09,0.35,DevOps
0.0,0.19,0.0,0.59,0.44,0.8,0.69,0.64,1.0,0.05,0.22,0.5,DevOps
0.02,0.32,0.05,0.62,0.65,0.96,0.75,0.56,0.75,0.18,0.22,0.25,DevOps
0.0,0.31,0.0,0.52,0.46,0.76,0.6,0.67,0.77,0.04,0.04,0.47,DevOps
0.08,0.25,0.1,0.43,0.55,0.94,0.66,0.7,0.79,0.31,0.12,0.37,DevOps
0.1,0.29,0.22,0.49,0.42,1.0,0.64,0.69,1.0,0.16,0.17,0.28,DevOps
0.18,0.32,0.15,0.54,0.33,0.95,0.49,0.57,0.99,0.22,0.29,0.5,DevOps
0.03,0.3,0.1,0.44,0.41,0.84,0.5,0.6,0.88,0.03,0.14,0.47,DevOps
0.12,0.27,0.16,0.67,0.53,0.82,0.73,0.72,0.84,0.41,0.05,0.4,DevOps
0.03,0.32,0.0,0.55,0.39,0.91,0.8,0.66,0.66,0.4,0.13,0.32,DevOps
0.12,0.32,0.03,0.62,0.44,0.86,0.63,0.46,0.91,0.26,0.15,0.48,DevOps
0.13,0.25,0.18,0.46,0.41,0.8,0.81,0.69,0.95,0.31,0.01,0.43,DevOps
0.09,0.38,0.09,0.56,0.55,0.99,0.63,0.59,0.79,0.0,0.12,0.46,DevOps
0.13,0.11,0.06,0.38,0.64,0.79,0.83,0.69,0.81,0.09,0.14,0.32,DevOps
0.11,0.25,0.0,0.38,0.52,0.84,0.64,0.67,1.0,0.17,0.07,0.45,DevOps
0.0,0.32,0.16,0.67,0.31,0.82,0.61,0.61,0.95,0.35,0.05,0.35,DevOps
0.21,0.33,0.23,0.63,0.38,0.77,0.54,0.67,1.0,0.38,0.18,0.52,DevOps
0.04,0.08,0.19,0.54,0.51,0.99,0.83,0.83,0.83,0.25,0.18,0.35,Cloud Engineer
0.05,0.28,0.0,0.61,0.38,0.98,0.72,0.76,0.7,0.04,0.14,0.24,Cloud Engineer
0.19,0.2,0.14,0.4,0.44,0.9,0.89,0.87,0.62,0.31,0.0,0.18,Cloud Engineer
0.0,0.06,0.0,0.54,0.48,0.99,0.87,0.73,0.77,0.19,0.0,0.41,Cloud Engineer
0.04,0.11,0.08,0.41,0.46,0.98,0.83,0.61,0.65,0.31,0.15,0.51,Cloud Engineer
0.22,0.31,0.0,0.58,0.49,0.89,0.82,0.79,0.75,0.11,0.17,0.24,Cloud Engineer
0.12,0.17,0.08,0.58,0.4,1.0,0.62,0.64,0.74,0.26,0.09,0.29,Cloud Engineer
0.14,0.18,0.24,0.58,0.59,0.85,0.79,0.67,0.6,0.24,0.05,0.37,Cloud Engineer
0.0,0.37,0.01,0.52,0.58,0.89,0.89,0.58,0.85,0.2,0.04,0.27,Cloud Engineer
0.18,0.14,0.03,0.48,0.38,1.0,0.74,0.78,0.72,0.1,0.1,0.38,Cloud Engineer
0.08,0.32,0.2,0.59,0.45,0.84,0.74,0.72,0.75,0.0,0.1,0.32,Cloud Engineer
0.07,0.33,0.14,0.63,0.48,1.0,0.96,0.83,0.59,0.17,0.07,0.35,Cloud Engineer
0.17,0.12,0.11,0.3,0.64,0.9,0.81,0.67,0.81,0.0,0.1,0.29,Cloud Engineer
0.05,0.37,0.01,0.58,0.54,1.0,0.73,0.63,0.81,0.24,0.0,0.25,Cloud Engineer
0.14,0.28,0.03,0.21,0.55,0.83,0.6,0.42,0.78,0.21,0.08,0.44,Cloud Engineer
0.16,0.36,0.0,0.5,0.34,0.93,0.78,0.76,0.7,0.26,0.17,0.52,Cloud Engineer
0.07,0.11,0.12,0.42,0.65,0.92,0.74,0.65,0.77,0.18,0.04,0.47,Cloud Engineer
0.01,0.2,0.17,0.34,0.55,0.84,0.88,0.6,0.77,0.31,0.19,0.33,Cloud Engineer
0.08,0.14,0.25,0.43,0.4,1.0,0.72,0.6,0.56,0.15,0.09,0.32,Cloud Engineer
0.2,0.25,0.08,0.48,0.55,1.0,0.81,0.65,0.6,0.06,0.17,0.36,Cloud Engineer
0.16,0.19,0.24,0.45,0.6,0.95,0.74,0.76,0.74,0.24,0.11,0.3,Cloud Engineer
0.34,0.32,0.17,0.51,0.6,1.0,0.8,0.67,0.69,0.0,0.12,0.25,Cloud Engineer
0.26,0.2,0.0,0.5,0.4,1.0,0.83,0.8,0.62,0.2,0.0,0.37,Cloud Engineer
0.15,0.25,0.1,0.54,0.66,0.92,0.81,0.59,0.61,0.21,0.21,0.27,Cloud Engineer
0.08,0.16,0.05,0.53,0.35,1.0,0.73,0.77,0.57,0.27,0.17,0.34,Cloud Engineer
0.0,0.22,0.0,0.47,0.6,1.0,0.8,0.6,0.76,0.2,0.0,0.38,Cloud Engineer
0.1,0.32,0.0,0.18,0.53,0.98,0.63,0.6,0.98,0.17,0.17,0.23,Cloud Engineer
0.0,0.18,0.07,0.46,0.49,0.98,0.78,0.57,0.75,0.01,0.0,0.37,Cloud Engineer
0.15,0.19,0.0,0.43,0.47,0.79,0.73,0.77,0.84,0.16,0.18,0.11,Cloud Engineer
0.17,0.12,0.13,0.48,0.63,0.86,0.86,0.67,0.68,0.18,0.02,0.3,Cloud Engineer
0.09,0.22,0.11,0.58,0.59,0.84,0.89,0.58,0.76,0.26,0.0,0.31,Cloud Engineer
0.05,0.12,0.24,0.43,0.42,0.96,0.87,0.69,0.82,0.25,0.0,0.25,Cloud Engineer
0.04,0.25,0.0,0.75,0.55,0.96,0.92,0.93,0.79,0.29,0.11,0.29,Cloud Engineer
0.05,0.12,0.03,0.36,0.49,0.78,0.82,0.7,0.71,0.15,0.41,0.44,Cloud Engineer
0.0,0.22,0.04,0.4,0.37,0.99,0.73,0.8,0.8,0.34,0.01,0.35,Cloud Engineer
0.16,0.15,0.02,0.66,0.52,1.0,0.72,0.58,0.64,0.19,0.0,0.3,Cloud Engineer
0.0,0.09,0.17,0.56,0.46,0.85,0.7,0.66,0.76,0.29,0.05,0.18,Cloud Engineer
0.13,0.12,0.05,0.63,0.58,0.97,0.67,0.72,0.81,0.16,0.24,0.43,Cloud Engineer
0.27,0.23,0.16,0.64,0.54,0.9,0.76,0.72,0.57,0.19,0.21,0.08,Cloud Engineer
0.25,0.31,0.05,0.55,0.5,1.0,0.9,0.56,0.76,0.18,0.11,0.23,Cloud Engineer
0.27,0.3,0.03,0.37,0.46,0.99,0.82,0.83,0.78,0.3,0.13,0.16,Cloud Engineer
0.08,0.31,0.09,0.55,0.47,0.85,0.79,0.73,0.63,0.18,0.01,0.41,Cloud Engineer
0.07,0.35,0.25,0.49,0.4,0.74,0.65,0.56,0.84,0.21,0.14,0.08,Cloud Engineer
0.0,0.29,0.13,0.49,0.56,1.0,0.78,0.71,0.72,0.44,0.0,0.37,Cloud Engineer
0.09,0.26,0.03,0.5,0.57,1.0,0.88,0.62,0.66,0.15,0.0,0.27,Cloud Engineer
0.17,0.07,0.2,0.55,0.43,0.94,0.96,0.77,0.7,0.18,0.11,0.25,Cloud Engineer
0.0,0.4,0.12,0.54,0.49,0.88,0.78,0.54,0.93,0.08,0.0,0.26,Cloud Engineer
0.23,0.2,0.0,0.63,0.57,1.0,0.87,0.94,0.92,0.13,0.26,0.34,Cloud Engineer
0.15,0.03,0.08,0.42,0.58,1.0,0.59,0.7,0.81,0.18,0.17,0.34,Cloud Engineer
0.13,0.17,0.0,0.39,0.57,0.95,0.79,0.66,0.67,0.3,0.07,0.17,Cloud Engineer
0.17,0.18,0.1,0.66,0.5,0.98,0.68,0.68,0.76,0.04,0.12,0.31,Cloud Engineer
0.1,0.3,0.13,0.65,0.4,0.96,0.81,0.59,0.8,0.43,0.1,0.35,Cloud Engineer
0.11,0.13,0.0,0.43,0.36,1.0,0.79,0.67,0.79,0.09,0.02,0.31,Cloud Engineer
0.2,0.25,0.12,0.51,0.54,0.97,0.7,0.7,0.59,0.21,0.05,0.55,Cloud Engineer
0.1,0.06,0.09,0.55,0.67,0.89,0.64,0.78,0.56,0.16,0.07,0.29,Cloud Engineer
0.17,0.13,0.07,0.5,0.51,0.96,0.84,0.78,0.74,0.25,0.0,0.31,Cloud Engineer
0.15,0.27,0.03,0.43,0.44,1.0,0.9,0.66,0.79,0.21,0.09,0.28,Cloud Engineer
0.17,0.23,0.33,0.41,0.55,0.9,0.71,0.7,0.71,0.49,0.08,0.19,Cloud Engineer
0.13,0.0,0.09,0.5,0.58,1.0,0.75,0.68,0.62,0.09,0.13,0.17,Cloud Engineer
0.06,0.1,0.15,0.68,0.37,0.76,0.79,0.7,0.72,0.16,0.08,0.34,Cloud Engineer
0.2,0.0,0.06,0.52,0.41,1.0,0.74,0.7,0.76,0.14,0.0,0.26,Cloud Engineer
0.2,0.17,0.02,0.59,0.47,0.9,0.81,0.78,0.94,0.28,0.22,0.25,Cloud Engineer
0.1,0.31,0.11,0.49,0.38,0.54,0.84,1.0,0.43,0.15,0.15,0.38,Cyber Security
0.38,0.3,0.08,0.51,0.69,0.39,0.76,0.99,0.46,0.3,0.38,0.55,Cyber Security
0.09,0.27,0.13,0.81,0.26,0.62,0.82,1.0,0.39,0.12,0.28,0.57,Cyber Security
0.3,0.3,0.04,0.44,0.48,0.54,0.7,0.9,0.35,0.05,0.12,0.39,Cyber Security
0.16,0.23,0.0,0.8,0.53,0.42,0.83,0.99,0.52,0.12,0.31,0.45,Cyber Security
0.07,0.37,0.23,0.86,0.28,0.57,0.76,1.0,0.25,0.07,0.12,0.51,Cyber Security
0.14,0.37,0.2,0.66,0.56,0.54,0.68,1.0,0.34,0.29,0.36,0.55,Cyber Security
0.05,0.21,0.23,0.58,0.41,0.58,0.87,0.98,0.38,0.17,0.29,0.56,Cyber Security
0.17,0.41,0.09,0.51,0.32,0.4,0.77,1.0,0.32,0.22,0.13,0.47,Cyber Security
0.05,0.28,0.08,0.65,0.42,0.38,0.91,0.97,0.42,0.2,0.15,0.52,Cyber Security
0.25,0.13,0.05,0.57,0.43,0.62,0.72,0.9,0.35,0.12,0.17,0.58,Cyber Security
0.09,0.34,0.0,0.54,0.37,0.67,0.77,0.73,0.2,0.2,0.26,0.54,Cyber Security
0.22,0.42,0.05,0.69,0.24,0.41,0.62,0.92,0.4,0.21,0.21,0.41,Cyber Security
0.18,0.15,0.24,0.57,0.35,0.66,0.68,0.84,0.29,0.19,0.24,0.57,Cyber Security
0.46,0.08,0.16,0.54,0.34,0.44,0.71,1.0,0.48,0.2,0.34,0.35,Cyber Security
0.07,0.08,0.03,0.62,0.41,0.51,0.66,1.0,0.42,0.27,0.01,0.53,Cyber Security
0.08,0.26,0.15,0.61,0.31,0.5,0.65,1.0,0.38,0.31,0.15,0.45,Cyber Security
0.12,0.39,0.03,0.66,0.36,0.3,0.74,0.83,0.4,0.08,0.29,0.49,Cyber Security
0.18,0.37,0.2,0.6,0.32,0.32,0.73,0.89,0.41,0.17,0.27,0.44,Cyber Security
0.19,0.42,0.13,0.59,0.34,0.44,0.71,0.9,0.48,0.18,0.07,0.68,Cyber Security
0.23,0.16,0.06,0.61,0.57,0.39,0.9,1.0,0.34,0.17,0.1,0.48,Cyber Security
0.2,0.37,0.21,0.53,0.2,0.5,0.83,0.97,0.37,0.21,0.35,0.54,Cyber Security
0.16,0.25,0.08,0.76,0.38,0.5,0.75,1.0,0.6,0.25,0.21,0.5,Cyber Security
0.0,0.37,0.11,0.64,0.33,0.46,0.76,1.0,0.36,0.41,0.24,0.37,Cyber Security
0.19,0.23,0.0,0.76,0.47,0.55,0.82,0.81,0.35,0.28,0.09,0.25,Cyber Security
0.18,0.29,0.11,0.67,0.46,0.53,0.92,0.8,0.45,0.26,0.08,0.35,Cyber Security
0.13,0.23,0.18,0.54,0.31,0.44,0.91,0.95,0.38,0.19,0.33,0.43,Cyber Security
0.33,0.32,0.08,0.85,0.29,0.46,0.68,1.0,0.57,0.37,0.32,0.48,Cyber Security
0.16,0.13,0.3,0.65,0.35,0.63,0.7,0.99,0.38,0.26,0.19,0.35,Cyber Security
0.21,0.4,0.1,0.68,0.3,0.5,0.74,1.0,0.4,0.27,0.31,0.57,Cyber Security
0.23,0.2,0.1,0.55,0.37,0.46,0.7,0.75,0.33,0.22,0.07,0.5,Cyber Security
0.39,0.4,0.26,0.64,0.52,0.43,0.74,0.68,0.52,0.35,0.14,0.47,Cyber Security
0.12,0.34,0.21,0.43,0.44,0.47,0.81,1.0,0.38,0.19,0.18,0.6,Cyber Security
0.24,0.32,0.0,0.56,0.49,0.5,0.87,1.0,0.5,0.21,0.15,0.24,Cyber Security
0.18,0.27,0.14,0.58,0.37,0.32,0.71,1.0,0.57,0.19,0.23,0.6,Cyber Security
0.12,0.34,0.03,0.69,0.42,0.53,0.72,1.0,0.61,0.1,0.17,0.52,Cyber Security
0.28,0.24,0.0,0.74,0.48,0.33,0.74,1.0,0.54,0.29,0.18,0.51,Cyber Security
0.19,0.41,0.01,0.52,0.5,0.5,0.94,0.88,0.39,0.11,0.2,0.35,Cyber Security
0.15,0.16,0.17,0.67,0.23,0.63,1.0,0.95,0.34,0.48,0.07,0.5,Cyber Security
0.22,0.43,0.14,0.55,0.3,0.47,0.7,0.95,0.34,0.05,0.33,0.45,Cyber Security
0.07,0.28,0.11,0.43,0.43,0.4,0.97,1.0,0.36,0.13,0.19,0.56,Cyber Security
0.2,0.28,0.11,0.54,0.37,0.29,0.9,0.98,0.32,0.39,0.21,0.4,Cyber Security
0.29,0.34,0.14,0.56,0.45,0.47,0.86,0.76,0.36,0.37,0.12,0.44,Cyber Security
0.16,0.18,0.0,0.58,0.41,0.49,0.79,0.95,0.5,0.18,0.14,0.47,Cyber Security
0.26,0.44,0.04,0.61,0.43,0.4,0.8,0.8,0.22,0.24,0.16,0.52,Cyber Security
0.2,0.2,0.1,0.48,0.54,0.36,0.78,0.85,0.46,0.17,0.15,0.59,Cyber Security
0.2,0.35,0.0,0.46,0.41,0.47,0.86,0.94,0.42,0.04,0.39,0.48,Cyber Security
0.27,0.22,0.13,0.47,0.45,0.46,0.8,1.0,0.28,0.13,0.25,0.71,Cyber Security
0.19,0.36,0.09,0.79,0.23,0.51,0.64,0.7,0.43,0.21,0.17,0.49,Cyber Security
0.51,0.27,0.15,0.54,0.43,0.48,0.76,1.0,0.52,0.21,0.0,0.46,Cyber Security
0.47,0.28,0.21,0.74,0.42,0.42,0.56,1.0,0.32,0.22,0.08,0.47,Cyber Security
0.2,0.33,0.0,0.72,0.34,0.33,0.79,0.95,0.42,0.34,0.18,0.49,Cyber Security
0.09,0.38,0.12,0.56,0.21,0.64,0.68,0.89,0.44,0.08,0.05,0.29,Cyber Security
0.27,0.25,0.39,0.5,0.31,0.44,0.82,0.9,0.46,0.1,0.06,0.32,Cyber Security
0.0,0.25,0.07,0.54,0.52,0.62,0.77,0.77,0.34,0.14,0.13,0.43,Cyber Security
0.13,0.26,0.04,0.62,0.44,0.41,0.93,0.85,0.24,0.24,0.12,0.53,Cyber Security
0.0,0.44,0.17,0.45,0.25,0.67,0.73,0.87,0.17,0.16,0.18,0.57,Cyber Security
0.06,0.15,0.15,0.7,0.24,0.61,0.8,1.0,0.39,0.0,0.18,0.61,Cyber Security
0.11,0.26,0.08,0.31,0.57,0.41,0.85,0.94,0.53,0.24,0.18,0.41,Cyber Security
0.28,0.11,0.16,0.49,0.53,0.52,0.86,0.96,0.22,0.11,0.27,0.52,Cyber Security
0.32,0.34,0.0,0.52,0.41,0.27,0.97,0.99,0.52,0.04,0.32,0.72,Cyber Security
0.07,0.38,0.1,0.45,0.45,0.58,0.74,1.0,0.23,0.05,0.21,0.5,Cyber Security
