cgpa,skills_count,internship_count,projects_count,certifications_count,aptitude_score,communication_score,placement,student_id
6.9,8,2,5,5,67,83,1,STU0001
9.8,3,1,1,0,73,51,1,STU0002
8.7,8,1,1,2,84,45,1,STU0003
8.0,5,2,6,2,95,57,1,STU0004
5.8,1,0,6,1,87,64,0,STU0005
5.8,7,1,2,1,86,89,0,STU0006
5.3,5,4,5,0,64,74,1,STU0007
9.3,6,2,4,4,49,75,1,STU0008
8.0,6,2,7,1,53,84,1,STU0009
8.5,8,1,5,1,81,55,1,STU0010
5.1,9,0,2,2,96,54,1,STU0011
9.8,2,4,6,4,85,94,1,STU0012
9.2,9,0,5,5,97,35,1,STU0013
6.1,9,3,5,0,69,52,0,STU0014
5.9,7,3,6,1,94,93,1,STU0015
5.9,1,1,2,4,80,72,0,STU0016
6.5,7,1,6,4,64,52,0,STU0017
7.6,5,1,1,0,53,59,0,STU0018
7.2,6,3,4,4,74,47,1,STU0019
6.5,7,0,6,4,91,50,0,STU0020
8.1,5,0,2,4,87,86,1,STU0021
5.7,7,1,3,1,73,52,0,STU0022
6.5,9,4,1,0,49,74,1,STU0023
6.8,3,0,3,4,74,73,0,STU0024
7.3,8,3,7,4,50,76,1,STU0025
8.9,2,2,6,1,50,69,1,STU0026
6.0,7,2,1,0,60,80,0,STU0027
7.6,2,2,4,2,60,71,0,STU0028
8.0,4,4,6,1,61,36,1,STU0029
5.2,7,1,4,0,84,79,1,STU0030
8.0,3,3,5,4,46,77,1,STU0031
5.9,2,4,3,0,94,35,0,STU0032
5.3,7,3,1,0,56,38,0,STU0033
9.7,1,3,4,5,41,86,1,STU0034
9.8,8,1,2,0,51,60,0,STU0035
9.0,3,2,4,2,96,50,1,STU0036
6.5,2,1,2,0,81,69,0,STU0037
5.5,3,4,6,2,57,74,0,STU0038
8.4,5,4,1,4,93,78,1,STU0039
7.2,8,4,4,2,98,49,1,STU0040
5.6,7,1,7,4,50,46,1,STU0041
7.5,7,3,4,4,55,57,1,STU0042
5.2,7,3,7,2,88,70,1,STU0043
9.5,8,0,1,1,90,95,1,STU0044
6.3,1,4,4,3,57,54,0,STU0045
8.3,4,3,2,0,74,87,1,STU0046
6.6,6,0,4,5,92,70,1,STU0047
7.6,9,3,3,3,98,35,1,STU0048
7.7,2,4,6,0,65,67,1,STU0049
5.9,1,2,5,0,55,35,0,STU0050
9.8,2,4,2,4,45,74,1,STU0051
8.9,7,1,3,0,96,43,1,STU0052
9.7,3,3,7,5,83,95,1,STU0053
9.5,2,3,6,0,82,69,1,STU0054
8.0,7,1,1,2,86,32,1,STU0055
9.6,2,1,2,3,86,53,0,STU0056
5.4,3,2,5,2,87,48,0,STU0057
6.0,7,3,6,5,81,47,1,STU0058
5.2,4,3,7,0,51,93,0,STU0059
6.6,1,2,5,5,99,64,0,STU0060
6.9,5,0,1,4,52,91,0,STU0061
6.4,9,2,1,2,43,30,0,STU0062
9.1,8,4,7,2,78,54,1,STU0063
6.8,9,3,2,1,93,74,1,STU0064
6.4,9,1,7,0,41,78,0,STU0065
7.7,7,4,4,4,65,45,1,STU0066
5.7,4,3,1,2,98,48,0,STU0067
9.0,5,2,6,2,66,52,1,STU0068
5.4,1,4,4,4,66,54,0,STU0069
9.9,1,3,3,5,54,45,1,STU0070
8.9,3,0,5,5,47,83,1,STU0071
6.0,8,0,4,0,46,30,0,STU0072
5.0,2,1,5,1,86,71,0,STU0073
9.1,4,3,7,2,94,48,1,STU0074
8.5,2,0,4,1,85,63,0,STU0075
8.6,5,2,7,5,79,84,1,STU0076
8.9,9,3,3,5,99,47,1,STU0077
5.4,1,2,1,3,51,63,0,STU0078
6.8,5,2,3,0,52,74,0,STU0079
5.6,9,0,1,3,82,35,0,STU0080
9.3,1,3,7,3,56,50,1,STU0081
8.1,9,4,1,3,56,99,1,STU0082
6.7,8,0,5,0,95,77,1,STU0083
5.3,4,0,6,0,75,68,0,STU0084
6.6,5,3,3,4,60,60,0,STU0085
6.6,5,3,4,1,47,39,1,STU0086
8.6,6,2,3,1,44,59,0,STU0087
8.2,7,3,5,4,65,47,1,STU0088
9.4,8,2,1,4,55,89,1,STU0089
7.4,8,0,5,5,75,44,1,STU0090
5.6,2,1,2,3,67,33,0,STU0091
8.6,9,4,2,4,93,92,1,STU0092
8.8,7,0,4,2,68,69,1,STU0093
7.8,4,3,5,1,86,38,1,STU0094
8.9,4,4,7,4,51,38,1,STU0095
7.5,8,1,4,2,76,55,1,STU0096
7.6,4,1,7,2,69,33,0,STU0097
7.1,6,2,4,2,62,45,1,STU0098
5.1,5,4,2,5,55,44,0,STU0099
5.5,3,2,4,5,53,81,0,STU0100
5.2,2,0,2,2,49,98,0,STU0101
8.2,9,4,1,5,46,34,1,STU0102
6.6,9,0,7,3,84,49,1,STU0103
7.5,1,2,5,2,91,47,1,STU0104
9.5,3,4,4,3,99,31,1,STU0105
6.2,8,2,2,3,76,42,1,STU0106
7.1,6,4,3,2,68,33,1,STU0107
8.8,5,2,7,1,42,71,0,STU0108
6.1,5,1,4,2,54,90,0,STU0109
5.4,6,2,6,2,75,37,0,STU0110
6.4,7,1,1,5,86,96,0,STU0111
5.8,1,2,1,2,85,92,0,STU0112
9.6,9,4,3,1,91,38,1,STU0113
9.0,3,4,2,5,58,40,1,STU0114
8.2,4,4,4,0,52,71,1,STU0115
9.4,1,3,7,0,81,42,1,STU0116
9.0,3,0,2,3,60,65,0,STU0117
5.9,2,4,1,3,76,42,0,STU0118
9.5,2,1,2,1,66,41,0,STU0119
7.7,1,4,1,4,94,66,1,STU0120
9.0,8,3,2,0,91,81,1,STU0121
9.5,3,1,3,3,68,31,0,STU0122
6.6,3,3,5,0,59,85,1,STU0123
5.6,6,1,3,1,64,89,1,STU0124
6.1,8,2,3,1,45,52,0,STU0125
7.1,9,0,5,4,75,69,1,STU0126
9.1,9,0,5,4,41,93,1,STU0127
9.3,4,3,4,5,61,52,1,STU0128
5.0,5,0,7,1,71,58,0,STU0129
7.6,2,3,7,3,55,80,1,STU0130
7.1,9,3,4,0,57,98,1,STU0131
6.1,8,3,3,2,44,60,0,STU0132
5.6,3,0,3,4,93,79,0,STU0133
6.7,9,3,1,2,75,49,1,STU0134
9.7,3,0,1,3,69,84,1,STU0135
6.6,9,3,7,4,84,31,1,STU0136
7.6,2,4,4,2,58,54,0,STU0137
8.5,9,3,6,3,62,42,1,STU0138
6.8,8,1,6,0,73,99,1,STU0139
9.9,9,3,4,3,52,96,1,STU0140
9.8,5,2,1,5,82,87,1,STU0141
6.3,2,3,7,4,93,93,1,STU0142
7.5,8,1,7,1,68,98,1,STU0143
6.5,6,1,1,0,75,88,0,STU0144
6.4,8,0,6,2,61,89,0,STU0145
5.2,5,4,2,4,91,91,1,STU0146
8.0,2,3,2,1,91,45,0,STU0147
7.5,6,0,1,3,86,97,0,STU0148
5.3,5,4,2,1,75,44,0,STU0149
6.4,5,3,5,4,48,84,1,STU0150
9.5,1,2,4,4,78,64,1,STU0151
6.2,2,3,4,5,90,84,1,STU0152
5.7,8,1,1,5,58,43,0,STU0153
7.4,3,1,3,1,77,78,0,STU0154
9.9,3,2,6,3,45,36,1,STU0155
6.2,8,0,1,1,91,59,0,STU0156
8.4,8,4,2,4,86,78,1,STU0157
8.8,2,3,6,4,54,45,1,STU0158
6.2,8,1,3,2,96,80,1,STU0159
8.6,1,0,2,5,59,71,1,STU0160
6.8,6,2,7,2,48,46,1,STU0161
8.2,8,1,5,0,71,92,1,STU0162
8.2,3,2,2,4,43,74,0,STU0163
7.7,8,3,5,2,89,36,1,STU0164
5.5,1,4,6,1,57,56,0,STU0165
9.2,9,1,5,5,44,39,1,STU0166
6.6,9,1,6,5,59,63,1,STU0167
5.9,5,3,6,3,62,65,1,STU0168
5.2,4,0,6,1,50,54,0,STU0169
8.0,6,4,6,3,76,35,1,STU0170
8.4,7,1,6,2,61,53,1,STU0171
5.1,5,4,2,0,97,47,0,STU0172
7.6,9,1,6,1,43,35,0,STU0173
6.1,3,4,2,1,68,58,0,STU0174
8.2,7,2,6,1,83,54,1,STU0175
5.9,5,1,5,3,73,84,1,STU0176
8.5,7,4,7,2,52,75,1,STU0177
6.9,2,0,6,1,81,53,0,STU0178
9.7,4,2,3,1,48,55,1,STU0179
5.7,2,2,6,5,81,57,0,STU0180
6.7,7,0,6,0,70,32,1,STU0181
5.6,2,4,5,5,46,67,0,STU0182
9.6,1,3,4,5,43,90,1,STU0183
9.4,9,0,5,0,58,80,1,STU0184
6.3,1,4,3,2,81,77,0,STU0185
8.3,8,0,4,5,69,50,1,STU0186
9.1,2,0,1,2,70,83,0,STU0187
7.8,8,1,1,5,74,85,1,STU0188
7.6,3,4,3,4,96,88,1,STU0189
6.2,6,3,5,0,60,80,0,STU0190
5.5,3,1,2,5,70,49,0,STU0191
9.5,7,0,3,4,58,88,0,STU0192
9.5,9,0,7,3,70,38,1,STU0193
8.2,2,0,4,4,92,30,0,STU0194
6.7,5,4,4,1,71,58,1,STU0195
6.7,6,4,6,5,41,92,1,STU0196
8.6,4,1,1,4,98,85,1,STU0197
9.5,4,3,4,2,91,97,1,STU0198
9.4,4,1,3,3,49,64,1,STU0199
8.9,2,2,4,5,41,32,1,STU0200
8.2,4,0,3,1,41,36,0,STU0201
5.4,1,0,2,4,99,56,0,STU0202
5.8,6,0,6,3,63,30,0,STU0203
9.5,1,1,1,5,56,73,1,STU0204
8.0,6,1,4,3,71,70,0,STU0205
5.0,1,0,3,1,55,71,0,STU0206
5.5,6,1,5,4,55,62,0,STU0207
8.3,8,4,1,3,85,79,1,STU0208
5.0,2,4,2,3,78,92,1,STU0209
5.8,2,1,3,0,92,66,0,STU0210
7.7,4,0,7,3,70,88,1,STU0211
8.5,3,1,7,0,82,77,1,STU0212
8.3,4,1,6,4,63,34,1,STU0213
6.1,7,1,6,5,40,77,1,STU0214
8.6,1,2,2,5,50,32,1,STU0215
6.2,6,4,2,4,94,76,1,STU0216
6.6,3,3,6,4,60,91,1,STU0217
8.7,7,3,4,2,43,43,1,STU0218
8.2,2,2,4,4,46,92,0,STU0219
9.2,2,1,3,3,65,90,1,STU0220
8.3,4,2,5,5,86,60,1,STU0221
7.8,1,2,3,1,89,46,1,STU0222
5.5,3,0,5,5,51,53,0,STU0223
6.8,9,4,2,0,70,52,1,STU0224
6.3,7,3,1,5,56,79,1,STU0225
6.2,7,1,3,2,72,99,0,STU0226
9.9,4,3,3,4,50,56,1,STU0227
7.0,2,3,5,4,67,44,1,STU0228
9.5,4,4,2,5,71,79,1,STU0229
8.2,6,3,2,1,40,65,1,STU0230
9.0,3,3,7,1,86,37,1,STU0231
7.5,1,2,5,2,67,32,1,STU0232
7.9,8,4,2,0,92,91,1,STU0233
7.5,5,0,6,5,81,76,1,STU0234
6.0,5,1,4,4,46,90,1,STU0235
8.6,4,3,7,5,41,61,1,STU0236
6.4,6,1,6,2,81,42,0,STU0237
5.1,3,0,1,3,63,30,0,STU0238
8.2,9,1,3,3,43,63,0,STU0239
5.9,5,0,7,2,83,91,1,STU0240
9.7,3,2,1,4,58,60,0,STU0241
9.8,1,3,3,2,65,93,1,STU0242
9.6,6,0,4,4,50,54,1,STU0243
6.9,2,1,2,1,79,67,0,STU0244
5.1,3,3,6,2,89,43,0,STU0245
9.6,1,2,5,4,82,37,0,STU0246
7.1,9,3,6,2,50,83,1,STU0247
9.8,8,0,4,2,84,31,1,STU0248
9.8,2,2,1,4,42,85,1,STU0249
9.3,8,1,5,4,51,90,1,STU0250
6.5,9,2,2,0,42,51,0,STU0251
6.9,1,2,4,2,81,64,0,STU0252
9.3,5,4,5,3,66,45,1,STU0253
6.6,8,2,4,2,88,79,1,STU0254
5.8,2,2,4,2,93,72,1,STU0255
7.8,4,3,2,4,41,46,1,STU0256
9.7,7,1,7,2,88,87,1,STU0257
8.5,3,3,3,5,55,31,1,STU0258
7.9,5,3,5,2,41,33,0,STU0259
5.5,8,0,2,5,99,68,0,STU0260
8.1,3,3,4,3,93,35,1,STU0261
10.0,4,4,2,4,69,98,1,STU0262
5.7,9,4,7,2,59,98,1,STU0263
7.6,7,0,3,5,77,49,1,STU0264
9.4,1,1,6,5,67,93,1,STU0265
8.7,4,1,5,5,64,45,1,STU0266
8.5,4,3,3,1,71,80,1,STU0267
8.5,9,3,1,0,49,66,1,STU0268
6.8,6,3,5,3,99,98,1,STU0269
6.5,9,1,3,2,81,71,1,STU0270
9.0,6,2,4,1,79,86,1,STU0271
9.1,6,4,5,2,72,95,1,STU0272
9.3,5,2,5,2,52,38,1,STU0273
9.6,5,2,2,4,95,93,1,STU0274
7.6,2,1,4,4,80,51,0,STU0275
7.5,8,2,1,4,93,63,1,STU0276
9.0,8,0,6,1,81,84,1,STU0277
8.2,1,3,7,2,86,58,1,STU0278
8.5,8,0,3,0,76,67,1,STU0279
9.0,5,4,2,3,93,47,1,STU0280
9.5,2,3,3,4,55,94,1,STU0281
6.7,2,2,1,4,84,30,0,STU0282
6.9,6,4,1,2,61,33,1,STU0283
5.5,9,3,5,2,96,33,1,STU0284
7.9,1,2,7,1,59,56,1,STU0285
5.2,6,0,1,1,89,72,0,STU0286
7.3,9,3,3,4,82,88,1,STU0287
7.7,8,2,4,2,66,61,1,STU0288
6.4,6,0,4,0,80,62,0,STU0289
8.0,3,4,5,3,55,57,1,STU0290
5.2,8,4,6,2,73,84,1,STU0291
5.2,9,4,3,2,71,89,1,STU0292
9.1,1,4,3,5,65,99,1,STU0293
6.8,9,1,1,1,64,91,0,STU0294
5.6,6,3,7,3,41,63,1,STU0295
7.6,6,3,3,4,51,85,1,STU0296
8.8,4,1,2,2,79,42,0,STU0297
6.1,1,2,6,4,48,85,0,STU0298
8.1,8,2,1,2,51,47,1,STU0299
5.4,2,4,2,4,65,83,1,STU0300
5.3,1,0,5,3,48,72,0,STU0301
7.7,2,2,4,1,49,68,1,STU0302
7.7,1,0,5,3,71,90,0,STU0303
8.2,1,3,4,5,96,71,1,STU0304
8.6,9,0,5,0,73,47,1,STU0305
9.9,1,3,3,1,87,52,1,STU0306
7.6,4,1,2,3,59,83,0,STU0307
6.6,6,1,4,5,78,59,1,STU0308
9.0,7,4,1,0,99,87,1,STU0309
6.4,2,2,2,5,41,97,0,STU0310
7.2,6,4,1,2,40,96,1,STU0311
5.4,7,3,2,2,90,47,1,STU0312
5.1,2,4,2,4,99,36,1,STU0313
9.8,2,0,5,1,75,69,0,STU0314
9.2,7,3,4,2,63,99,1,STU0315
8.5,1,1,4,5,93,94,1,STU0316
7.0,8,2,7,1,66,97,1,STU0317
5.9,3,3,2,2,41,78,0,STU0318
5.8,6,3,3,4,70,81,1,STU0319
6.3,9,0,3,3,96,58,1,STU0320
7.7,6,2,1,4,53,50,0,STU0321
8.6,9,1,1,0,41,38,1,STU0322
8.3,7,3,5,2,68,76,1,STU0323
6.4,9,3,2,0,54,71,1,STU0324
9.8,2,0,1,0,51,80,0,STU0325
8.7,8,4,1,5,76,85,1,STU0326
7.8,8,1,6,1,67,80,1,STU0327
8.1,2,2,2,5,59,99,0,STU0328
7.1,4,3,5,2,78,49,1,STU0329
6.2,7,3,1,0,63,56,0,STU0330
6.8,4,1,5,3,60,67,0,STU0331
8.8,4,4,4,0,49,94,1,STU0332
5.1,6,3,5,3,85,83,1,STU0333
5.6,6,1,3,5,53,53,0,STU0334
5.2,3,0,3,5,76,76,0,STU0335
5.2,9,4,5,1,57,92,1,STU0336
9.3,2,2,3,0,63,86,0,STU0337
8.5,6,3,4,4,53,84,1,STU0338
7.4,7,1,2,5,73,89,1,STU0339
5.5,9,0,3,5,97,91,1,STU0340
7.5,3,2,3,1,51,59,0,STU0341
7.4,3,1,5,3,61,51,0,STU0342
5.9,7,1,4,1,95,58,0,STU0343
7.2,4,2,7,0,45,70,1,STU0344
7.0,8,0,7,2,75,71,1,STU0345
8.1,7,0,7,2,84,94,1,STU0346
8.2,5,4,7,3,75,60,1,STU0347
5.2,7,3,2,5,61,59,1,STU0348
6.9,3,2,5,3,53,47,0,STU0349
8.1,2,2,5,5,55,46,0,STU0350
7.5,6,2,6,5,75,67,1,STU0351
9.3,2,0,4,2,95,43,0,STU0352
8.3,3,3,7,3,64,85,1,STU0353
5.8,6,4,2,1,71,51,0,STU0354
5.4,5,1,4,5,72,96,1,STU0355
8.2,8,1,7,4,84,85,1,STU0356
5.1,9,2,2,4,75,48,0,STU0357
7.9,3,3,4,1,59,86,1,STU0358
9.7,3,0,5,4,57,73,1,STU0359
7.9,3,3,5,0,77,64,1,STU0360
6.9,6,3,1,5,42,30,0,STU0361
8.2,1,0,3,1,62,81,0,STU0362
7.3,7,2,7,3,71,99,1,STU0363
7.7,1,3,6,5,84,66,1,STU0364
9.7,5,1,4,1,98,94,1,STU0365
6.9,8,0,6,2,55,80,1,STU0366
9.8,4,4,1,3,98,30,1,STU0367
9.5,5,2,3,2,44,50,1,STU0368
6.0,4,0,4,5,43,82,0,STU0369
5.3,4,4,2,3,60,45,0,STU0370
5.5,8,4,7,4,79,90,1,STU0371
5.1,2,3,3,1,90,83,0,STU0372
5.5,1,3,5,5,53,69,1,STU0373
8.4,3,3,1,0,78,55,0,STU0374
5.4,9,0,3,3,70,94,1,STU0375
6.6,4,0,7,3,53,93,0,STU0376
9.2,5,2,3,5,45,72,1,STU0377
5.1,2,3,7,5,51,46,0,STU0378
9.1,4,4,5,2,55,88,1,STU0379
6.4,2,1,4,4,56,52,0,STU0380
5.6,2,2,2,2,84,36,0,STU0381
8.5,4,0,5,2,62,73,1,STU0382
8.1,6,2,2,4,53,82,1,STU0383
9.4,7,2,4,0,46,63,1,STU0384
8.7,3,2,3,2,85,75,1,STU0385
9.0,3,2,2,2,71,97,1,STU0386
6.4,6,1,1,3,54,45,0,STU0387
5.9,3,3,1,4,83,48,0,STU0388
8.8,2,4,7,1,56,31,1,STU0389
9.0,8,2,5,0,80,39,1,STU0390
10.0,5,2,4,0,93,79,1,STU0391
7.1,1,2,7,4,86,41,0,STU0392
6.9,3,3,5,5,83,99,1,STU0393
8.9,8,0,5,5,73,51,1,STU0394
6.7,4,0,7,3,44,61,0,STU0395
9.7,7,1,6,3,84,30,0,STU0396
9.3,2,0,5,4,66,83,1,STU0397
7.1,7,2,6,3,91,87,1,STU0398
8.8,5,2,1,0,62,99,0,STU0399
8.8,5,2,1,0,79,47,0,STU0400
5.5,6,1,5,1,98,35,0,STU0401
9.5,9,2,1,5,53,74,1,STU0402
7.5,6,0,4,4,54,52,0,STU0403
9.1,8,3,6,2,82,52,1,STU0404
6.6,7,3,6,5,72,55,1,STU0405
9.5,9,4,5,2,92,36,1,STU0406
6.9,4,0,1,1,70,73,0,STU0407
5.1,2,2,2,1,74,56,0,STU0408
9.5,7,3,7,3,56,55,1,STU0409
5.5,6,0,7,1,67,65,0,STU0410
6.6,1,3,6,1,58,84,0,STU0411
9.8,9,2,5,2,85,93,1,STU0412
9.8,9,3,5,3,93,86,1,STU0413
7.9,2,4,4,1,62,98,1,STU0414
8.2,3,4,3,5,71,90,1,STU0415
7.2,5,3,3,1,79,31,1,STU0416
6.5,5,0,6,3,52,84,0,STU0417
6.6,1,0,7,4,98,67,0,STU0418
8.4,8,0,4,3,59,58,1,STU0419
8.8,8,3,4,2,74,55,1,STU0420
9.0,4,0,4,4,44,64,1,STU0421
8.9,7,2,6,5,48,96,1,STU0422
5.5,3,4,3,0,68,58,0,STU0423
7.5,6,2,7,3,45,63,1,STU0424
5.3,9,0,4,2,64,70,0,STU0425
7.7,1,2,7,5,70,70,1,STU0426
7.2,5,0,1,4,61,52,0,STU0427
9.4,4,3,5,5,41,32,1,STU0428
6.8,8,2,5,3,84,87,1,STU0429
5.6,1,3,7,1,44,61,0,STU0430
5.7,9,3,2,3,99,60,1,STU0431
8.8,6,1,2,0,66,72,0,STU0432
8.1,4,0,6,3,64,36,1,STU0433
5.5,9,4,6,4,47,30,1,STU0434
5.4,5,0,5,4,94,90,1,STU0435
8.5,5,4,1,3,40,43,0,STU0436
5.4,5,0,3,4,59,81,0,STU0437
9.1,1,3,3,1,83,35,1,STU0438
8.5,1,2,6,5,62,39,1,STU0439
5.4,8,2,1,3,71,59,0,STU0440
5.4,8,1,6,1,50,50,0,STU0441
9.9,6,4,3,5,78,89,1,STU0442
6.9,4,4,7,5,86,92,1,STU0443
6.9,2,4,6,1,93,71,1,STU0444
9.1,2,3,4,2,63,80,1,STU0445
9.7,9,4,7,3,50,93,1,STU0446
9.9,5,2,6,5,68,85,1,STU0447
8.8,4,3,5,5,93,70,1,STU0448
6.9,1,0,6,4,65,61,0,STU0449
5.4,7,4,5,5,55,44,1,STU0450
8.9,3,4,1,1,74,91,1,STU0451
7.8,6,0,3,5,59,56,1,STU0452
7.1,5,4,7,2,85,57,1,STU0453
9.5,5,0,7,3,42,93,1,STU0454
5.6,5,3,2,3,40,88,0,STU0455
7.5,1,2,2,5,97,87,1,STU0456
5.1,1,0,3,0,92,31,0,STU0457
7.3,3,1,2,0,86,65,0,STU0458
5.3,4,0,7,1,40,42,0,STU0459
5.6,5,4,6,0,56,44,0,STU0460
5.6,2,3,1,1,41,89,0,STU0461
8.2,8,3,1,4,68,51,1,STU0462
8.7,2,0,3,1,59,92,0,STU0463
7.9,9,2,2,0,45,54,1,STU0464
9.8,2,1,6,5,47,77,1,STU0465
6.9,9,3,1,4,68,72,1,STU0466
6.4,7,4,1,0,87,67,1,STU0467
9.3,8,4,4,1,90,70,1,STU0468
6.1,2,2,4,2,72,74,1,STU0469
9.8,7,3,7,3,42,69,1,STU0470
5.1,6,0,1,0,99,46,0,STU0471
9.8,4,4,3,1,74,86,1,STU0472
5.2,7,2,5,4,44,31,0,STU0473
9.5,4,3,5,0,66,91,1,STU0474
7.6,2,3,6,0,83,38,0,STU0475
10.0,7,3,1,3,51,97,1,STU0476
5.4,8,3,1,1,59,46,1,STU0477
7.8,2,3,7,2,84,79,1,STU0478
9.8,5,4,1,4,59,69,1,STU0479
7.6,1,2,3,1,48,87,0,STU0480
8.1,7,3,4,4,78,50,1,STU0481
8.5,8,1,1,0,43,47,0,STU0482
7.3,6,1,1,3,90,84,1,STU0483
8.1,5,2,7,3,93,58,1,STU0484
7.9,6,0,2,5,58,53,0,STU0485
9.5,2,0,7,2,77,46,0,STU0486
5.2,1,0,7,3,66,47,0,STU0487
6.4,7,1,3,0,84,71,0,STU0488
9.8,7,0,6,2,82,74,1,STU0489
9.5,2,4,1,1,52,46,1,STU0490
7.3,2,3,7,3,52,43,0,STU0491
8.1,1,1,7,2,99,78,1,STU0492
6.4,8,2,2,0,96,58,0,STU0493
5.9,8,2,7,5,61,33,1,STU0494
7.3,1,3,5,4,67,49,1,STU0495
6.8,8,1,6,4,91,76,1,STU0496
7.9,9,0,1,0,86,38,0,STU0497
5.4,4,0,1,0,92,56,0,STU0498
9.9,1,4,2,4,84,44,1,STU0499
9.9,1,4,3,5,61,48,1,STU0500
8.5,3,0,1,2,82,81,0,STU0501
7.7,5,2,5,4,58,55,1,STU0502
6.5,5,2,1,0,47,55,0,STU0503
9.1,9,4,5,3,91,55,1,STU0504
8.4,2,3,6,1,47,75,1,STU0505
5.8,2,0,6,5,81,78,0,STU0506
9.6,6,4,4,5,65,82,1,STU0507
9.1,9,4,4,3,87,32,1,STU0508
9.7,1,0,5,3,90,95,1,STU0509
8.6,9,0,3,0,65,71,1,STU0510
8.1,9,2,1,4,62,48,1,STU0511
7.1,9,3,7,2,82,46,1,STU0512
9.7,5,3,1,5,52,62,1,STU0513
9.3,9,0,4,5,67,78,1,STU0514
5.2,4,1,7,3,48,85,0,STU0515
5.1,2,4,5,4,59,92,1,STU0516
6.9,6,4,7,5,95,32,1,STU0517
9.1,4,0,1,2,58,78,1,STU0518
9.9,6,1,1,3,87,84,1,STU0519
5.8,3,2,3,2,78,55,0,STU0520
8.0,6,0,2,4,90,81,0,STU0521
6.9,2,0,7,5,51,36,0,STU0522
9.8,2,4,4,1,54,75,1,STU0523
9.2,9,0,4,5,70,75,1,STU0524
9.2,7,0,2,4,94,45,1,STU0525
7.3,3,0,1,5,53,53,0,STU0526
7.1,1,4,3,5,50,90,0,STU0527
6.4,8,2,3,0,65,83,0,STU0528
5.3,6,2,4,5,81,91,1,STU0529
9.3,7,0,3,5,66,30,1,STU0530
9.1,9,4,6,2,50,78,1,STU0531
10.0,5,2,2,1,77,54,1,STU0532
10.0,1,2,1,2,73,39,1,STU0533
7.8,7,2,6,2,82,45,1,STU0534
8.8,5,4,2,3,58,87,1,STU0535
9.7,3,4,5,0,45,58,1,STU0536
9.2,9,0,7,2,85,35,1,STU0537
6.2,1,3,4,4,91,45,1,STU0538
7.3,1,2,3,4,77,49,0,STU0539
5.6,1,3,5,5,88,72,0,STU0540
9.8,3,4,3,3,81,55,1,STU0541
8.0,6,4,6,0,67,62,1,STU0542
6.1,3,4,1,0,40,55,0,STU0543
8.4,8,3,1,5,74,74,1,STU0544
8.1,2,4,1,4,79,92,1,STU0545
6.8,9,0,3,1,47,96,0,STU0546
5.6,3,4,5,3,98,81,1,STU0547
8.4,5,1,1,5,91,97,1,STU0548
7.6,8,3,5,3,93,55,1,STU0549
8.9,2,1,3,4,86,31,0,STU0550
7.6,6,4,6,4,95,43,1,STU0551
9.3,5,0,5,1,46,59,0,STU0552
7.8,9,2,6,1,50,78,1,STU0553
7.8,5,4,3,0,78,41,1,STU0554
9.4,2,0,3,3,43,73,0,STU0555
7.0,5,3,4,3,64,62,0,STU0556
5.7,4,1,3,4,51,42,0,STU0557
5.1,7,1,3,0,65,55,0,STU0558
8.8,6,1,2,5,77,50,0,STU0559
8.1,2,3,1,3,85,57,1,STU0560
8.5,5,0,4,0,51,77,0,STU0561
6.1,7,3,7,0,82,69,1,STU0562
5.7,7,1,4,4,90,95,0,STU0563
5.1,5,4,4,0,92,52,0,STU0564
6.8,9,2,7,1,76,77,1,STU0565
7.9,4,3,2,1,85,31,0,STU0566
7.0,3,3,6,2,92,49,1,STU0567
7.2,4,0,3,4,63,88,1,STU0568
9.5,5,0,1,5,55,75,1,STU0569
6.7,6,3,5,2,96,32,1,STU0570
7.6,3,1,7,1,52,84,1,STU0571
8.9,2,2,6,2,64,41,0,STU0572
7.0,4,0,7,4,93,69,1,STU0573
8.1,5,1,3,4,93,95,1,STU0574
9.3,4,4,2,0,96,45,1,STU0575
9.7,3,0,7,3,91,63,1,STU0576
5.7,8,1,3,0,93,73,1,STU0577
9.6,4,1,3,4,43,35,0,STU0578
7.5,2,2,2,1,50,93,0,STU0579
6.3,2,2,4,5,71,51,0,STU0580
7.3,1,4,4,1,88,47,0,STU0581
9.9,4,1,1,0,46,41,0,STU0582
7.5,9,1,1,5,85,81,1,STU0583
6.6,7,2,4,4,97,80,1,STU0584
8.2,7,0,6,1,50,77,1,STU0585
6.2,7,0,5,4,67,48,0,STU0586
5.4,8,3,3,5,93,35,1,STU0587
5.6,1,2,5,5,80,56,1,STU0588
5.6,8,3,3,1,62,82,1,STU0589
5.8,4,2,4,4,84,77,0,STU0590
5.7,4,4,1,2,62,36,0,STU0591
8.2,4,1,6,4,89,88,1,STU0592
5.9,6,4,1,5,67,98,1,STU0593
6.7,7,2,5,4,82,40,1,STU0594
9.5,6,1,1,0,86,44,0,STU0595
7.4,1,0,4,2,96,93,0,STU0596
8.3,8,0,6,3,65,32,1,STU0597
5.9,7,3,5,0,64,98,1,STU0598
6.0,6,2,6,3,93,52,1,STU0599
5.2,6,2,3,1,68,82,0,STU0600
5.8,5,0,1,3,58,66,0,STU0601
6.4,6,4,6,4,72,38,1,STU0602
5.9,9,1,2,3,75,44,1,STU0603
5.4,9,4,1,5,53,32,1,STU0604
5.6,8,4,3,0,53,99,1,STU0605
7.3,9,0,6,0,74,46,1,STU0606
6.0,8,0,5,3,69,55,0,STU0607
6.8,8,0,3,0,67,50,0,STU0608
7.5,1,3,2,5,56,50,0,STU0609
8.5,5,4,6,0,42,40,1,STU0610
5.2,4,2,7,3,55,67,0,STU0611
9.0,2,1,7,2,85,64,1,STU0612
8.1,8,3,4,2,69,43,1,STU0613
5.4,3,2,1,1,91,43,0,STU0614
9.4,4,4,5,0,68,39,1,STU0615
9.6,7,0,4,3,84,41,1,STU0616
5.3,9,4,6,0,54,67,1,STU0617
6.4,2,1,7,4,85,63,1,STU0618
9.0,3,3,7,5,95,70,1,STU0619
8.7,4,3,7,0,64,39,1,STU0620
5.9,1,1,6,0,90,46,0,STU0621
6.0,7,2,7,2,77,46,0,STU0622
6.9,2,2,3,5,81,96,1,STU0623
7.4,5,3,6,3,98,91,1,STU0624
8.1,1,3,5,0,86,30,0,STU0625
6.8,3,0,4,2,92,41,0,STU0626
7.3,2,2,5,1,93,33,0,STU0627
8.7,1,1,2,5,91,71,1,STU0628
5.2,7,2,7,2,97,42,1,STU0629
6.3,5,0,2,2,77,33,0,STU0630
8.6,1,3,1,2,62,98,1,STU0631
9.5,6,3,1,0,64,48,1,STU0632
7.6,5,0,2,0,81,31,0,STU0633
7.7,3,1,6,1,46,41,0,STU0634
5.5,7,3,5,4,61,35,1,STU0635
7.2,9,4,2,4,56,37,1,STU0636
7.7,9,3,1,4,57,80,1,STU0637
6.2,9,4,2,5,88,40,1,STU0638
6.3,2,0,6,5,80,92,0,STU0639
6.9,3,0,2,1,49,86,0,STU0640
5.1,7,3,5,5,49,41,1,STU0641
6.6,5,2,4,4,96,31,1,STU0642
6.1,2,4,6,4,46,37,0,STU0643
6.6,3,1,1,2,87,40,0,STU0644
5.6,6,3,5,5,89,82,1,STU0645
9.5,7,1,2,0,77,39,0,STU0646
8.0,9,3,2,0,66,37,1,STU0647
8.4,1,2,4,2,91,65,1,STU0648
8.9,7,2,1,2,72,43,1,STU0649
7.5,8,2,1,2,40,83,1,STU0650
5.4,3,2,3,0,83,50,0,STU0651
7.7,4,0,1,4,92,79,0,STU0652
7.9,6,0,4,2,99,68,0,STU0653
8.7,7,4,7,1,73,49,1,STU0654
7.2,4,1,3,2,43,36,0,STU0655
5.6,8,3,3,3,56,38,1,STU0656
6.4,5,3,2,2,43,30,0,STU0657
6.8,1,0,2,0,82,55,0,STU0658
8.2,4,3,1,5,93,67,1,STU0659
7.9,3,0,3,2,65,67,0,STU0660
6.8,9,4,2,5,43,90,1,STU0661
9.9,8,1,4,3,40,73,1,STU0662
8.0,1,4,2,1,46,73,0,STU0663
6.2,6,2,6,5,69,91,1,STU0664
5.5,9,2,6,4,89,35,1,STU0665
5.8,7,2,2,2,48,46,0,STU0666
6.2,4,4,3,3,74,80,1,STU0667
5.8,1,3,7,3,47,67,0,STU0668
5.9,2,1,7,5,63,53,0,STU0669
6.4,5,2,3,1,58,80,0,STU0670
5.9,5,2,5,0,75,39,0,STU0671
9.5,8,2,7,2,89,50,1,STU0672
5.4,6,1,6,3,91,99,1,STU0673
7.6,8,2,4,1,98,86,1,STU0674
7.1,2,1,3,4,82,68,0,STU0675
9.9,3,2,1,3,66,62,1,STU0676
5.6,6,4,6,1,71,88,1,STU0677
7.0,3,4,4,0,53,47,0,STU0678
9.8,6,1,4,0,96,85,1,STU0679
9.3,6,4,3,3,57,86,1,STU0680
9.1,2,1,4,3,67,77,1,STU0681
6.3,7,4,3,5,99,71,1,STU0682
5.9,2,4,7,2,68,56,1,STU0683
8.3,6,1,2,1,55,81,1,STU0684
9.6,1,3,6,3,74,71,1,STU0685
7.8,3,4,5,2,86,61,1,STU0686
7.9,2,2,2,5,98,55,1,STU0687
6.4,7,3,6,2,98,54,1,STU0688
8.8,4,1,3,3,70,52,0,STU0689
5.9,8,3,6,0,43,86,1,STU0690
6.6,6,0,7,1,76,81,1,STU0691
7.1,4,0,3,1,56,60,0,STU0692
7.5,5,4,2,0,78,93,1,STU0693
6.2,9,4,1,3,87,62,1,STU0694
5.6,7,2,1,1,85,31,0,STU0695
8.1,9,3,6,3,65,47,1,STU0696
6.4,7,0,1,5,87,76,1,STU0697
7.9,1,4,3,3,78,62,1,STU0698
5.8,8,3,4,2,80,64,1,STU0699
7.4,4,4,3,0,43,80,0,STU0700
7.7,3,4,4,3,69,47,1,STU0701
5.3,7,0,2,5,69,59,0,STU0702
6.7,3,0,5,4,61,73,0,STU0703
5.7,8,4,4,0,50,82,1,STU0704
5.3,6,1,1,1,41,39,0,STU0705
9.9,5,4,3,2,83,81,1,STU0706
6.6,4,4,2,1,51,78,0,STU0707
9.0,8,2,1,5,69,40,1,STU0708
6.3,8,2,2,5,75,95,1,STU0709
8.4,1,2,5,1,57,87,1,STU0710
8.8,9,1,7,0,65,65,1,STU0711
8.0,5,1,3,1,92,62,1,STU0712
7.4,4,4,6,3,46,76,1,STU0713
7.1,6,2,3,1,40,42,0,STU0714
6.7,6,1,5,2,97,69,1,STU0715
9.6,2,0,3,2,65,97,0,STU0716
9.2,8,4,6,4,62,71,1,STU0717
9.8,7,3,4,2,65,48,1,STU0718
5.6,1,4,2,1,84,48,0,STU0719
8.7,5,3,6,2,45,87,1,STU0720
9.7,6,2,1,0,45,52,0,STU0721
5.9,4,3,5,2,83,83,0,STU0722
5.3,2,2,4,3,47,94,0,STU0723
8.7,4,0,1,0,63,41,0,STU0724
7.9,1,3,1,4,61,53,0,STU0725
9.2,7,4,5,3,58,63,1,STU0726
5.7,2,2,4,1,76,82,0,STU0727
9.0,2,4,7,1,57,37,1,STU0728
6.0,9,1,1,1,70,47,0,STU0729
5.8,5,2,1,3,76,86,1,STU0730
5.8,2,3,4,3,69,34,1,STU0731
9.1,9,2,3,3,96,55,1,STU0732
8.3,9,4,1,0,81,59,1,STU0733
7.6,1,0,2,5,72,83,0,STU0734
6.8,3,2,4,0,49,42,0,STU0735
9.4,4,3,1,1,76,58,0,STU0736
7.0,7,1,5,5,51,32,1,STU0737
9.1,4,0,6,2,93,87,1,STU0738
7.2,2,1,2,1,69,31,0,STU0739
6.9,7,2,6,4,66,57,0,STU0740
7.3,6,4,6,0,78,31,1,STU0741
6.5,3,4,1,3,48,36,1,STU0742
8.7,6,3,2,0,93,55,1,STU0743
7.5,6,4,2,3,60,45,1,STU0744
6.2,5,0,3,5,51,52,0,STU0745
9.5,4,4,6,4,94,69,1,STU0746
6.9,1,3,2,5,68,89,1,STU0747
7.7,6,2,3,4,72,61,1,STU0748
9.5,2,2,4,0,82,44,1,STU0749
8.1,3,4,3,3,92,42,1,STU0750
5.6,8,1,5,5,54,34,0,STU0751
9.7,6,2,7,4,41,81,1,STU0752
8.1,3,4,1,1,91,70,1,STU0753
6.7,7,3,4,1,78,82,1,STU0754
5.7,4,4,7,5,92,79,1,STU0755
9.0,9,2,7,3,83,44,1,STU0756
8.1,5,3,4,5,93,36,1,STU0757
7.7,3,4,5,0,57,69,1,STU0758
9.5,2,0,3,4,42,57,1,STU0759
8.9,2,3,1,0,46,61,0,STU0760
5.8,3,0,3,1,82,44,0,STU0761
6.6,2,1,2,4,57,99,0,STU0762
6.2,4,3,3,5,83,94,0,STU0763
8.7,2,0,4,0,77,33,0,STU0764
5.2,9,2,1,2,76,40,0,STU0765
7.8,2,2,3,3,97,55,0,STU0766
8.8,9,1,1,3,72,90,1,STU0767
9.4,6,3,1,2,83,66,1,STU0768
6.7,1,3,2,1,98,52,0,STU0769
9.1,4,3,2,4,70,69,1,STU0770
5.6,1,1,4,3,97,52,0,STU0771
9.2,6,3,5,2,50,45,1,STU0772
5.6,4,2,7,5,43,90,1,STU0773
7.0,3,0,1,2,98,97,0,STU0774
9.0,3,2,5,1,57,60,1,STU0775
5.7,9,2,7,1,43,82,1,STU0776
6.1,6,0,7,0,88,54,0,STU0777
8.6,9,2,4,3,73,73,1,STU0778
8.6,5,1,7,0,68,41,1,STU0779
8.2,2,0,7,2,63,38,0,STU0780
8.5,8,2,1,4,61,41,1,STU0781
7.7,5,4,1,4,41,98,1,STU0782
6.3,2,2,6,1,83,83,0,STU0783
6.7,4,1,5,4,45,83,0,STU0784
5.9,9,3,3,4,81,57,1,STU0785
9.5,4,2,2,4,64,85,1,STU0786
7.9,4,3,3,2,94,98,1,STU0787
7.0,2,4,5,4,96,87,1,STU0788
7.3,6,2,2,5,60,71,1,STU0789
9.7,2,0,3,4,94,67,1,STU0790
5.8,7,3,6,4,98,97,1,STU0791
7.9,3,4,2,0,55,82,1,STU0792
7.5,3,0,1,2,70,62,0,STU0793
8.1,5,0,3,1,53,85,0,STU0794
5.1,3,0,2,0,78,80,0,STU0795
9.4,2,0,6,3,67,72,1,STU0796
9.7,9,2,7,2,71,44,1,STU0797
7.8,2,2,2,5,67,67,0,STU0798
8.5,2,2,2,2,90,44,1,STU0799
9.6,8,4,6,3,94,34,1,STU0800
8.5,9,4,7,3,88,83,1,STU0801
5.8,7,4,3,3,48,80,0,STU0802
7.9,3,1,4,1,97,39,0,STU0803
8.0,9,4,3,4,84,41,1,STU0804
7.1,3,2,7,2,61,33,1,STU0805
8.7,5,2,5,4,71,47,1,STU0806
9.7,9,1,6,4,44,65,1,STU0807
9.6,3,1,3,5,62,54,1,STU0808
7.3,7,4,2,3,44,65,1,STU0809
5.6,1,3,6,1,81,96,0,STU0810
9.9,4,1,1,5,92,38,1,STU0811
9.2,4,0,7,0,71,90,1,STU0812
5.6,7,2,3,1,98,82,1,STU0813
9.6,8,0,6,4,49,47,1,STU0814
9.3,1,2,3,1,98,72,0,STU0815
7.6,5,2,6,3,78,64,1,STU0816
8.0,7,1,2,0,97,92,1,STU0817
7.0,4,1,1,3,54,33,0,STU0818
5.3,4,0,1,0,46,70,0,STU0819
6.7,4,2,5,5,68,74,1,STU0820
9.0,6,0,6,4,98,79,1,STU0821
5.0,7,3,3,0,86,57,1,STU0822
6.7,2,0,1,0,42,71,0,STU0823
7.0,5,4,7,0,58,98,1,STU0824
7.7,4,0,1,1,49,30,0,STU0825
9.6,3,4,4,5,67,68,1,STU0826
6.7,7,4,4,1,68,46,1,STU0827
6.7,6,4,1,4,54,64,1,STU0828
8.7,7,3,6,0,74,75,1,STU0829
7.3,5,0,5,5,45,71,1,STU0830
6.1,6,0,1,5,51,68,0,STU0831
7.3,5,3,2,2,86,78,1,STU0832
5.7,7,2,3,4,77,91,1,STU0833
5.9,2,1,5,5,52,67,0,STU0834
7.5,5,0,2,0,68,52,0,STU0835
7.1,6,1,5,0,58,51,0,STU0836
9.6,6,3,2,5,42,33,1,STU0837
6.8,5,2,3,1,47,78,1,STU0838
7.9,7,2,3,4,47,88,1,STU0839
8.2,8,2,4,0,94,97,1,STU0840
5.1,7,3,6,5,97,31,1,STU0841
8.3,5,4,2,0,59,78,1,STU0842
5.9,1,4,4,5,86,60,1,STU0843
9.8,5,1,2,4,43,69,0,STU0844
5.7,2,4,4,5,90,77,1,STU0845
7.1,5,4,3,2,60,80,1,STU0846
5.4,5,2,5,5,42,72,1,STU0847
10.0,2,2,7,5,84,84,1,STU0848
7.5,5,1,4,4,47,78,1,STU0849
8.0,4,0,2,5,62,86,0,STU0850
5.3,1,1,2,4,55,44,0,STU0851
8.7,3,1,7,2,52,56,0,STU0852
6.0,1,3,6,4,42,97,0,STU0853
9.5,5,3,3,0,87,93,1,STU0854
6.0,4,1,2,4,48,59,0,STU0855
6.0,7,1,1,2,99,65,0,STU0856
5.2,5,1,5,3,53,96,1,STU0857
7.4,4,4,4,5,52,78,1,STU0858
7.8,2,3,6,4,92,84,1,STU0859
5.3,4,1,7,5,96,85,1,STU0860
8.9,2,2,5,1,46,97,1,STU0861
7.3,8,2,3,0,54,73,1,STU0862
7.6,3,4,6,0,46,60,1,STU0863
7.2,9,4,4,1,77,87,1,STU0864
7.0,4,0,4,1,73,82,0,STU0865
7.8,6,0,7,4,80,52,1,STU0866
5.8,5,0,1,1,61,57,0,STU0867
5.9,1,4,7,3,63,45,1,STU0868
9.3,9,4,3,5,88,66,1,STU0869
9.7,1,4,6,5,76,50,1,STU0870
6.9,8,2,6,2,83,46,1,STU0871
6.4,9,4,2,1,40,66,1,STU0872
8.2,9,2,1,1,49,48,1,STU0873
7.0,1,0,1,3,82,59,0,STU0874
5.1,2,0,6,0,55,74,0,STU0875
5.8,1,0,6,0,85,47,0,STU0876
8.6,2,1,5,5,47,91,1,STU0877
8.3,8,1,5,5,95,65,1,STU0878
5.1,5,3,5,4,88,81,0,STU0879
6.1,7,3,1,3,64,48,1,STU0880
6.2,2,3,2,2,89,73,0,STU0881
8.4,8,1,4,2,51,36,1,STU0882
5.1,6,1,5,3,64,73,0,STU0883
5.5,8,3,2,2,56,97,1,STU0884
9.0,1,3,7,0,99,63,1,STU0885
5.9,1,4,3,2,65,95,0,STU0886
8.3,7,3,5,2,85,98,1,STU0887
6.2,8,4,7,3,87,84,1,STU0888
5.5,3,2,4,3,53,39,0,STU0889
6.2,5,1,3,2,80,71,0,STU0890
8.6,1,3,3,1,75,70,1,STU0891
9.3,7,1,4,3,96,98,1,STU0892
9.2,5,1,5,4,62,39,1,STU0893
7.0,8,1,1,4,82,39,1,STU0894
8.3,8,2,4,0,45,89,0,STU0895
6.0,9,0,4,2,86,80,1,STU0896
6.5,7,3,4,1,44,50,1,STU0897
9.5,1,0,3,0,82,37,0,STU0898
5.1,3,0,2,2,64,94,0,STU0899
5.4,8,0,7,3,57,59,0,STU0900
6.0,3,1,1,4,52,78,0,STU0901
5.1,8,4,5,5,82,38,1,STU0902
5.9,1,1,5,1,53,46,0,STU0903
7.9,5,1,7,5,67,98,1,STU0904
7.1,4,0,2,4,57,87,1,STU0905
9.5,5,1,4,5,98,86,1,STU0906
9.1,8,0,1,3,99,91,1,STU0907
6.7,4,4,5,2,96,81,1,STU0908
6.3,4,3,7,3,67,90,1,STU0909
6.9,3,0,6,5,90,69,1,STU0910
8.0,7,4,7,3,95,67,1,STU0911
6.3,3,3,5,4,66,72,0,STU0912
8.1,3,2,4,1,71,92,1,STU0913
7.0,5,0,6,3,86,48,0,STU0914
7.8,5,0,2,4,48,79,0,STU0915
7.2,6,2,1,1,79,62,0,STU0916
6.5,8,2,2,2,71,42,1,STU0917
9.7,6,0,2,5,59,91,1,STU0918
8.8,1,2,7,2,67,72,1,STU0919
5.7,8,1,1,0,72,78,0,STU0920
9.3,8,3,1,4,43,65,1,STU0921
7.4,9,3,5,1,85,39,0,STU0922
9.5,9,3,5,3,96,35,1,STU0923
9.0,2,1,1,2,73,86,0,STU0924
7.1,2,2,6,1,87,30,1,STU0925
5.1,3,4,3,4,42,87,1,STU0926
6.3,1,2,5,0,65,50,0,STU0927
7.7,4,0,3,2,47,85,0,STU0928
8.2,4,3,7,5,45,49,1,STU0929
6.3,9,2,6,1,55,83,1,STU0930
5.7,9,4,1,5,63,54,1,STU0931
9.2,9,0,6,1,87,57,1,STU0932
9.9,7,1,5,1,78,34,1,STU0933
7.6,2,1,2,4,69,50,0,STU0934
5.9,5,4,7,4,84,47,1,STU0935
6.4,4,0,1,4,52,76,0,STU0936
5.1,8,3,4,3,44,99,0,STU0937
9.6,2,2,7,1,64,86,0,STU0938
5.6,6,0,3,2,59,48,0,STU0939
7.9,5,1,6,5,93,94,1,STU0940
6.4,2,4,1,4,57,32,0,STU0941
7.8,1,4,7,4,86,71,1,STU0942
8.3,8,2,6,5,57,50,1,STU0943
9.1,2,4,1,5,41,69,1,STU0944
6.0,7,4,5,1,49,96,1,STU0945
5.1,9,0,7,4,94,54,0,STU0946
5.7,9,3,5,5,84,84,1,STU0947
9.5,8,2,7,3,89,81,1,STU0948
9.4,9,0,5,3,86,73,1,STU0949
8.0,2,3,6,4,51,85,1,STU0950
8.0,6,0,4,5,86,84,1,STU0951
8.3,4,0,7,1,52,99,1,STU0952
5.9,4,4,7,1,89,95,1,STU0953
9.6,5,3,5,1,86,48,1,STU0954
7.1,3,2,1,0,96,36,0,STU0955
6.9,1,2,7,4,94,92,1,STU0956
7.6,8,3,5,1,50,71,1,STU0957
5.2,5,4,2,3,58,71,0,STU0958
5.8,3,1,5,5,74,88,0,STU0959
8.7,7,0,6,2,78,49,1,STU0960
5.4,7,4,4,2,92,46,1,STU0961
8.0,1,3,2,1,65,56,0,STU0962
6.2,9,0,6,2,85,76,1,STU0963
6.9,2,2,6,2,53,31,0,STU0964
6.4,5,1,6,0,93,92,1,STU0965
6.8,5,2,1,3,84,91,1,STU0966
8.6,8,3,6,3,83,48,1,STU0967
6.5,8,0,1,0,63,46,0,STU0968
7.8,7,3,6,0,80,98,1,STU0969
7.4,7,0,3,2,40,68,0,STU0970
8.3,6,4,2,4,90,68,1,STU0971
9.7,6,1,3,5,82,65,1,STU0972
8.7,9,4,6,5,94,69,1,STU0973
6.1,6,4,2,2,61,74,1,STU0974
5.2,2,3,2,5,62,33,0,STU0975
6.3,2,1,7,0,95,54,0,STU0976
8.0,5,0,4,3,93,98,1,STU0977
5.3,4,0,3,5,58,59,0,STU0978
7.5,2,2,4,2,57,97,0,STU0979
8.0,3,0,2,4,51,58,0,STU0980
6.7,7,3,1,2,94,97,1,STU0981
8.9,8,4,2,1,67,80,1,STU0982
5.5,6,4,4,2,67,53,1,STU0983
5.4,5,4,3,0,99,43,0,STU0984
8.6,1,1,6,3,98,98,1,STU0985
7.5,8,0,7,3,72,47,0,STU0986
8.4,3,3,7,5,58,71,1,STU0987
7.2,6,1,7,0,67,86,1,STU0988
6.2,3,2,6,1,98,41,1,STU0989
9.1,7,3,7,0,91,46,1,STU0990
9.0,7,3,3,2,88,59,1,STU0991
8.5,9,3,6,0,76,52,1,STU0992
6.4,5,4,7,0,65,30,0,STU0993
8.0,8,3,6,1,74,61,1,STU0994
6.8,8,0,4,2,73,38,0,STU0995
5.5,1,3,3,4,74,44,1,STU0996
9.6,5,4,5,4,79,57,1,STU0997
5.7,3,3,1,3,55,53,0,STU0998
9.8,1,2,7,5,77,89,1,STU0999
7.2,4,2,1,0,52,64,0,STU1000
